id,name,funder,scope,funderType,type,status,opens,deadline,deadlineConfirmed,deadlineStage,budgetMin,budgetMax,currency,careerStages,themes,diseaseAreas,phases,partnersRequired,partnersNote,recurrence,summary,url,added,lastVerified
23,ERC Starting Grant 2027,ERC,European,EU programme,Personal fellowship,Open,2026-07-22,2026-10-14,true,Application,1500000,1500000,EUR,Early career,Open (any discipline); Pharmacoepidemiology & real-world evidence; Clinical pharmacology & therapeutics,,1-phase,false,,Annual,"For researchers post-PhD (eligibility widened to 10 years from 2027). Up to €1.5M for 5 years. Bottom-up: any research topic. Call opens July 2026, deadline 14 October 2026.",https://erc.europa.eu/apply-grant/starting-grant,2026-01-01,2026-10-09
199,EWUU i4PH Seed Call 2026 – Preventive health transitions,EWUU Alliance – Institute 4 Preventive Health (i4PH),Local,University (internal),Project grant,Open,,2026-10-16,true,Application,,50000,EUR,Postdoc; Early career; Mid career,Implementation & health services; Sustainable pharmacy & planetary health,,1-phase,true,"At least three co-applicants from at least three EWUU institutions (TU/e, WUR, UU, UMC Utrecht); main applicant postdoc, assistant or associate professor",Periodic,"Seed funding from the TU/e–WUR–UU–UMCU alliance for transdisciplinary preventive-health projects that fit an i4PH research line (healthy start, healthy living environments, future of cancer, health at home) and a transition pathway (incl. 'planetary-centred'). Meant to produce a tangible next step such as a Horizon Europe or NWA application, white paper or review. Total €200k, about 4–5 projects; projects start from 1 Jan 2027 and budget must be spent before 1 Dec 2027.",https://preventivehealth.ewuu.nl/2026/06/seed-call-for-preventive-health-transitions-building-the-future-of-preventive-health/,2026-10-09,2026-10-09
261,"USO Education Innovation 2027 (Utrecht Education Incentive Fund, interfaculty)",Utrecht University – Centre for Academic Teaching and Learning,Local,University (internal),Project grant,Open,,2026-10-16,true,Registration,85000,200000,EUR,Early career; Mid career; Senior/PI,Education & training,,2-phase,true,Must be cross-faculty (teachers from at least two faculties),Annual,"Cross-faculty education innovation projects up to €200,000 for max 3 years (USO range €85k–200k). 2027 themes: innovation in feedback & assessment; dialogue & debate; free category. Steps: consortium leader/member applications 16 Oct 2026; pre-proposal 24 Dec 2026 (12:00); full proposal 19 Mar 2027 with pitch 13 Apr 2027; start Sept 2027. Submitted by the dean of the coordinating faculty.",https://www.uu.nl/en/news/call-for-proposals-uso-education-innovation-2027,2026-10-10,2026-10-10
265,ReumaNederland Thematische Call 2026 – Van onderzoek naar praktijk (remission in inflammatory rheumatic diseases),Reumafonds (Dutch Arthritis Foundation),National,Charity / foundation,Project grant,Open,,2026-10-16,true,Pre-proposal,,400000,EUR,Postdoc; Early career; Mid career; Senior/PI,Implementation & health services; Precision medicine & pharmacogenetics; Clinical pharmacology & therapeutics,Rheumatology & immunology,2-phase,false,,Periodic,"ReumaNederland FOCUS call: €1.2M total, max €400,000 per project, up to 4 years. Funds research bringing proven diagnostics, interventions and personalised (treat-to-target) treatment strategies into daily care to achieve sustained remission in inflammatory rheumatic diseases (e.g. RA); attention to affordability, scalability and implementation. Osteoarthritis excluded. Pre-proposal 16 Oct 2026 12:00 (email); full proposal by invitation 11 Mar 2027.",https://reumanederland.nl/voor-onderzoekers/subsidiemogelijkheden-formulieren-procedure/thematische-call-2026,2026-10-10,2026-10-10
204,Call for Validation of Biomarker Candidates 2027,KWF (Dutch Cancer Society),National,Charity / foundation,Project grant,Open,2026-08-25,2026-10-20,true,Pre-proposal,800000,2000000,EUR,Mid career; Senior/PI,Precision medicine & pharmacogenetics; Clinical trials & drug development; HTA & health economics,Oncology,2-phase,true,Multidisciplinary consortium of at least 4 participating parties; AI projects must involve AI4Health consortium,Annual,"Funds multidisciplinary consortia (at least 4 parties, private partners allowed) to clinically validate known cancer biomarkers towards use in daily practice, EUR 0.8-2M per project over 2-5 years. An (early) HTA, biostatistics expertise, a development plan and patient involvement are mandatory. Pre-proposals close 20 Oct 2026 (12:00); full proposals 15 Dec 2026-23 Feb 2027, decision June 2027.",https://www.kwf.nl/en/forresearchers/funding/validation-of-biomarkers-2027,2026-10-09,2026-10-10
259,Dynamics of Youth – Thriving & Healthy Youth Resilience Grant Call 2026,Utrecht University – Dynamics of Youth,Local,University (internal),Project grant,Open,,2026-10-23,true,Application,,10000,EUR,PhD; Postdoc; Early career; Mid career; Senior/PI,Implementation & health services; Open (any discipline),Mental health,1-phase,true,At least one societal partner required,Unknown,"UU Dynamics of Youth (Thriving & Healthy Youth community) Resilience grant: up to €10,000 per project, two grants available. UU researchers only; project must involve at least one societal partner. PhD candidates/postdocs may use it to extend their position by 1–2 months to engage with societal partners. Values: co-creation, interdisciplinarity, co-ownership. Short Word application form.",https://www.uu.nl/en/research/dynamics-of-youth/research/thematic-communities/thriving-healthy-youth/funding-opportunities,2026-10-10,2026-10-10
278,EULAR Health Professionals Research Grant 2026,EULAR,European,Society / association,Project grant,Open,2026-09-15,2026-10-23,true,Application,,45000,EUR,PhD; Postdoc; Early career; Mid career,Pharmacy practice & clinical pharmacy; Medication adherence & self-management; Implementation & health services,Rheumatology & immunology,Unknown,true,At least three European countries must be involved.,Annual,"One project per year, up to EUR 45,000, led by a health professional in rheumatology (non-MD, e.g. pharmacist/nurse/allied health); less advanced research careers preferred. Project must involve at least three European countries and show measurable impact on health professionals' practice in at least three countries. Call opened 15 September, closes 23 October 2026.",https://www.eular.org/health-professionals-research-grant,2026-10-10,2026-10-10
153,KNMP Studentenprijs (annual pharmacy student prize),KNMP,National,Society / association,Prize / stipend,Upcoming,,2026-10-27,false,Nomination,1000,1000,EUR,Master,Pharmacy practice & clinical pharmacy; Open (any discipline),,1-phase,false,Nomination by hoogleraar/docent,Annual,"Annual KNMP prize (certificate plus EUR 1,000) for outstanding master pharmacy students, nominated by their teachers and professors for strong study results and commitment to pharmacy education and the profession. Six winners in 2025, awarded at the KNMP Najaarscongres in late October (the 2026 congress is on 27 October 2026). No public nomination deadline is published, as nominations come from faculty. The date shown is the award ceremony (latest possible), not a published nomination deadline.",https://www.knmp.nl/beroepsontwikkeling/onderzoek,2026-04-17,2026-10-09
257,COST Open Call OC-2026-1 – New COST Actions (research networks),COST Association,European,EU programme,Consortium / network,Open,2026-07-31,2026-10-28,true,Application,,,EUR,Early career; Mid career; Senior/PI,Open (any discipline); Education & training,,1-phase,true,"Network of at least 7 COST Full/Cooperating Members, at least 50% from Inclusiveness Target Countries; at least 40% Young Researchers and Innovators.",Annual,"Bottom-up call for new COST Actions, European science and technology networks that fund meetings, short-term scientific missions, training schools and dissemination, not the research itself. A proposal needs at least seven COST member countries, at least half of them Inclusiveness Target Countries, and at least 40% young researchers. Up to 80 Actions may be approved. The collection date is 28 October 2026, 12:00 CET.",https://www.cost.eu/uploads/2026/03/2026-1-COST_Open_Call_Announcement.pdf,2026-10-09,2026-10-09
151,PhRMA Foundation – Value Assessment & Health Outcomes Research Pre- & Postdoctoral Fellowships 2027,PhRMA Foundation,International,Charity / foundation,Personal fellowship,Open,2026-08-31,2026-10-30,true,Application,30000,60000,USD,PhD; Postdoc,HTA & health economics; Pharmacoepidemiology & real-world evidence; Pharmaceutical policy & access; Drug utilisation & appropriate use,,1-phase,false,Applicant must be based at an accredited US university (US and non-US citizens eligible),Annual,"PhRMA Foundation fellowships in value assessment and health outcomes research: postdoctoral USD 60,000/yr and predoctoral USD 30,000/yr stipend, for 12-24 months. The 2027 postdoctoral cycle opened 31 August 2026 and closes 30 October 2026 (noon ET); awards announced March 2027. The predoctoral page still shows the 2026 cycle (deadline was 30 Oct 2025) and says the 2027 cycle launches soon. Applicants must be at an accredited US university, so mainly relevant for US-based collaborators.",https://www.phrmafoundation.org/grants-fellowships/postdoctoral-fellowships/value-assessment-health-outcomes-research/,2026-04-17,2026-10-09
201,Sustainability Education Community Fund (UU),Utrecht University – Pathways to Sustainability,Local,University (internal),Project grant,Open,,2026-11-01,true,Application,,12500,EUR,Master; PhD; Postdoc; Early career; Mid career; Senior/PI,Sustainable pharmacy & planetary health; Education & training,,1-phase,false,Main applicant must be a UU employee or student,Periodic,"Small grants for bottom-up sustainability-education initiatives at UU such as workshops, seminars and pilots; covers assistance and material costs (incl. travel and events), not teaching-hour reductions. €12,500 available in this round; decisions 6–8 weeks after the deadline.",https://www.uu.nl/en/research/sustainability/sustainability-education-and-engagement/funding,2026-10-09,2026-10-09
5,Vidi – Science Domain 2026,NWO,National,Public research funder,Personal fellowship,Open,,2026-11-03,true,Pre-proposal,850000,850000,EUR,Mid career,Pharmacoepidemiology & real-world evidence; Clinical pharmacology & therapeutics; Open (any discipline),,2-phase,false,,Annual,"NWO Vidi for researchers moving into leadership who obtained their PhD within eight years before 1 October 2026 (extensions possible). Up to EUR 850,000 for up to five years to build a research line and group; requires an embedding guarantee from a Dutch host institution. Science-domain pre-proposals are due 3 November 2026, 14:00 CET; invited full proposals are due 6 April 2027, 14:00 CEST.",https://www.nwo.nl/en/calls/nwo-talent-programme-vidi-science-2026,2026-01-01,2026-10-09
10,Exploration Call 2027-1,KWF (Dutch Cancer Society),National,Charity / foundation,Project grant,Open,2026-09-01,2026-11-03,true,Pre-proposal,100000,500000,EUR,Early career; Mid career; Senior/PI,Drug safety & pharmacovigilance; Pharmacoepidemiology & real-world evidence,Oncology,2-phase,false,,Several rounds per year,"KWF project call for basic and credentialing research into the biological and psychosocial mechanisms behind cancer onset, growth, spread and impact; relevant for mechanistic work on anticancer drugs. Call 2027-1 accepts pre-proposals from 1 September to 3 November 2026 (12:00); invited full proposals run 15 February to 13 April 2027, with interviews in June and decisions in August 2027. KWF describes this as its last project-based basic-research call before switching to research group funding from 2028.",https://www.kwf.nl/en/forresearchers/funding/exploration,2026-01-01,2026-10-09
97,Scientific Meetings and Consultations 2026,NWO,National,Public research funder,Travel / mobility,Open,,2026-11-03,true,Next cut-off,1000,15000,EUR,PhD; Postdoc; Early career; Mid career; Senior/PI,Pharmacoepidemiology & real-world evidence; Open (any discipline),,1-phase,false,,Annual,"NWO grant for hosting a scientific meeting (up to EUR 15,000, max EUR 60 per participant, with a matching contribution of at least EUR 25 cash per participant) or a consultation (up to EUR 2,400). The 2026 call has fixed submission dates (14:00 CE(S)T) through 3 November 2026; an application may be submitted no earlier than six months before the event, and the instrument closes early if the budget (raised to EUR 760,000 on 29 Sep 2026) runs out. Open to professors, comparable researchers, postdocs and PhD candidates at Dutch universities/UMCs and recognised institutes. The topic must overlap with an NWO Science domain (e.g. life sciences, chemistry, computer science) and may not be primarily patient-focused implementation, diagnostics or health interventions, so frame pharmacoepi meetings around methods or data science.",https://www.nwo.nl/en/calls/scientific-meetings-and-consultations-2026,2026-04-02,2026-10-10
98,International Joint Initiative 2026 – Disruptive Technologies for Global Challenges,NWO,National,Public research funder,Consortium / network,Open,,2026-11-03,true,Full proposal,200000,760000,EUR,Mid career; Senior/PI,Data science & AI; Global health; Open (any discipline),,2-phase,true,"International consortium required (min. 2 countries from participating funders: NWO, NFRF-Canada, NordForsk, Research Ireland, UKRI, etc.)",Periodic,"International call (NWO with NFRF and other funders) for interdisciplinary consortia of at least three PIs funded by different participating agencies, using disruptive technologies to address the SDGs. NWO funding is limited to projects on SDG 2, 6, 7 or 11 and is max EUR 760,000 per project; the NWO budget was raised to EUR 6.84M in August 2026. LOIs were due 9 June 2026; only invited applicants can now submit full proposals by 3 November 2026 (NFRF portal), with NWO's ISAAC part due 4 November 2026, 14:00 CET.",https://www.nwo.nl/en/calls/2026-international-joint-initiative-for-research-harnessing-disruptive-technologies-to-address-global-challenges,2026-04-02,2026-10-09
220,Vidi – ZonMw Health Research and Medical Sciences Domain 2026,NWO,National,Public research funder,Personal fellowship,Open,,2026-11-03,true,Pre-proposal,,850000,EUR,Mid career,Pharmacoepidemiology & real-world evidence; Clinical pharmacology & therapeutics; Drug safety & pharmacovigilance; Open (any discipline),,2-phase,false,,Annual,"2026 Vidi round for the ZonMw Health Research and Medical Sciences domain, aimed at researchers moving into a leadership role who obtained their PhD within eight years of 1 October 2026. Up to €850,000 for a project of up to five years. Two-stage: pre-proposals due 3 November 2026 (14:00 CET); invited applicants submit full proposals by 6 April 2027 (14:00 CEST). Applications go through Mijn ZonMw and need a dean-signed embedding guarantee.",https://www.nwo.nl/en/calls/nwo-talent-programme-vidi-health-research-and-medical-sciences-zonmw-2026,2026-10-09,2026-10-09
260,Dynamics of Youth – Early Childhood Community Grants (Nov 2026 round),Utrecht University – Dynamics of Youth,Local,University (internal),Project grant,Open,,2026-11-05,true,Application,2000,20000,EUR,Master; PhD; Postdoc; Early career; Mid career; Senior/PI,Open (any discipline); Implementation & health services,,1-phase,false,,Periodic,"UU Dynamics of Youth Early Childhood community grants: tiers of max €20,000 (one-time, societal-impact projects), €10,000 (one-time), €5,000 and €2,000. Open to UU/UMC Utrecht bachelor, master and PhD students and staff; initiative must fit the community's aims; PI/supervisor permission needed. Early-career researchers explicitly encouraged.",https://www.uu.nl/en/research/dynamics-of-youth/research/thematic-communities/early-childhood/funding-opportunities,2026-10-10,2026-10-10
7,KIC Demand-driven Research by Consortia – XL,NWO,National,Public research funder,Consortium / network,Open,,2026-11-12,true,Full proposal,1400000,7000000,EUR,Mid career; Senior/PI,Pharmacoepidemiology & real-world evidence; Pharmaceutical policy & access; HTA & health economics,,2-phase,true,Consortium required: knowledge institutions + societal/industry partners (co-funding needed),Annual,"NWO KIC call for large public-private consortia tackling societal challenges, with NWO funding EUR 1.4M-7M per proposal (up to 70% of costs) for up to six years and a EUR 14M call ceiling. At least 30% co-funding is required, part of it private cash. The mandatory pre-proposal deadline was 10 March 2026; full proposals are due 12 November 2026, 14:00 CET (only for those who submitted a pre-proposal).",https://www.nwo.nl/en/calls/kic-demand-driven-research-by-consortia-xl,2025-12-01,2026-10-09
284,"EAHP–EPSA Student Science Award 2027 (31st EAHP Congress, Vienna)",EAHP (European Association of Hospital Pharmacists),European,Society / association,Prize / stipend,Upcoming,,2026-11-15,false,Application,,500,EUR,Master,Pharmacy practice & clinical pharmacy; Drug utilisation & appropriate use,,2-phase,false,,Annual,"Award for the best single-author hospital-pharmacy research abstract by an EPSA member who is an undergraduate or graduated within two years. Winner presents at the closing ceremony of the 31st EAHP Congress, Vienna, March 2027; earlier editions included free congress attendance plus EUR 500 travel/accommodation. 2026-2027 submission deadlines 'to be confirmed (2026)'; estimated from the historical mid-November abstract deadline.",https://eahp.eu/about-us/students/eahp-epsa-student-science-award/selection-procedure,2026-10-10,2026-10-10
272,NWO SSH Open Competition – Expand 2026,NWO,National,Public research funder,Project grant,Open,,2026-11-17,true,Pre-proposal,,,EUR,Early career; Mid career; Senior/PI,Pharmaceutical policy & access; HTA & health economics; Implementation & health services; Open (any discipline),,2-phase,false,,Annual,New SSH Open Competition instrument (merges former M and L) for curiosity-driven research with a primary social-science/humanities question; interdisciplinary proposals allowed. Total €40M; projects 1–6 years. Main applicant: PhD + permanent/tenure-track position at a Dutch research institution. Pre-proposal 17 Nov 2026 14:00; full proposal 10 Jun 2027.,https://www.nwo.nl/en/calls/ssh-open-competition-expand-2026,2026-10-10,2026-10-10
186,SME Call 2027 (MKB Call),Health~Holland (TKI LSH),National,Public research funder,Consortium / network,Open,,2026-11-20,true,Full proposal,225000,450000,EUR,Mid career; Senior/PI,Open (any discipline); Valorisation & public-private; Clinical trials & drug development,,1-phase,true,Public-private partnership with SME required,Annual,"Health~Holland call for public-private R&D projects between SMEs and research organisations (industrial research, TRL 4-6, max 2 years). Consortia can request EUR 225,000-450,000 in PPP subsidy (research organisations max EUR 150,000 per project), at least EUR 8M total for about 20 projects. The lead applicant must be a Dutch for-profit company, and all partners must co-finance. Full applications are due 20 November 2026, 17:00 CET.",https://www.health-holland.com/calls/mkb-call-2027,2026-05-18,2026-10-09
241,Applied Data Science (ADS) Research Grants – autumn 2026 round,Utrecht University – Applied Data Science,Local,University (internal),Project grant,Upcoming,,2026-11-22,false,Application,,5000,EUR,PhD; Postdoc; Early career; Mid career; Senior/PI,Data science & AI; Pharmacoepidemiology & real-world evidence,,1-phase,true,Interfaculty collaboration expected (UU/UMCU),Several rounds per year,"The UU focus area Applied Data Science funds small interfaculty projects of up to €5,000 that apply or develop data science methods. It also funds seed money for preparing interdisciplinary grant applications and consultation costs when a data scientist from another faculty helps. UU and UMC Utrecht researchers are eligible. Calls have run about twice a year (May/June and November; the last form was dated 22 November 2025), but the next date is not published.",https://www.uu.nl/en/research/applied-data-science/research/research-grants,2026-10-09,2026-10-09
176,CARB-X 2026 Funding Round 2 – Antibacterial Research (all themes),CARB-X,International,Public-private,Project grant,Upcoming,2026-11-10,2026-11-23,true,Expression of interest,500000,3500000,USD,Mid career; Senior/PI,Antimicrobial resistance & One Health; Clinical trials & drug development; Drug utilisation & appropriate use,Infectious disease,2-phase,false,,Annual,"CARB-X's second 2026 funding round accepts expressions of interest from 10 to 23 November 2026 across all four 2026 themes: direct-acting therapeutics for Gram-negative infections, the Novel Chemistry for AMR Challenge (target-based therapeutics), non-vaccine prevention of neonatal sepsis, and neonatal sepsis diagnostics. Successful applicants must cover part of the project cost. Funding amounts per award are not stated on the application page.",https://carb-x.org/apply/application-process/,2026-04-28,2026-10-09
38,MSCA Doctoral Networks 2026,European Commission – MSCA,European,EU programme,PhD position,Open,2026-05-28,2026-11-24,true,Application,2000000,4000000,EUR,PhD,Education & training; Pharmacoepidemiology & real-world evidence; Clinical pharmacology & therapeutics,,1-phase,true,Network of min. 3 organisations from 3 different countries required,Annual,OPEN. MSCA Doctoral Networks call HORIZON-MSCA-2026-DN-01 funds international doctoral training networks with 3-year PhD positions and mobility. Opened 28 May 2026; deadline 24 November 2026 (17:00 Brussels). Indicative call budget EUR 593.03M (over 130 projects expected). The division already runs the EU2P programme.,https://marie-sklodowska-curie-actions.ec.europa.eu/actions/doctoral-networks,2026-01-01,2026-10-09
200,"Utrechts Universiteitsfonds – Funding for researchers (round 6, 2026)",Utrechts Universiteitsfonds,Local,University (internal),Travel / mobility,Upcoming,2026-11-02,2026-11-27,true,Application,,,,PhD; Postdoc; Early career; Mid career; Senior/PI,Open (any discipline),,1-phase,false,,Several rounds per year,"Grants for UU employees for research visits abroad and for research and education costs (e.g. hiring help, materials, organising a congress), applied for through the UU subsidy portal. Six rounds per year; not every fund type is open in every round, and each fund has its own criteria.",https://www.uu.nl/en/organisation/donate/apply-for-subsidies/funding-for-researchers,2026-10-09,2026-10-09
242,"Utrechts Universiteitsfonds – Student support (international exchange/internship), round 6 2026",Utrechts Universiteitsfonds,Local,University (internal),Travel / mobility,Upcoming,2026-11-02,2026-11-27,true,Application,,,EUR,Master,Education & training; Open (any discipline),,1-phase,false,,Several rounds per year,"The Utrecht University Fund's student programme helps fund an international exchange or internship, for example a master's research internship abroad. Applicants must be a Student Friend of the Fund (€10 a year). Named funds within the Fund may set their own criteria. About €80,000 a year is available across all student grants. In 2026 there are six rounds, and round 6 runs from 2 to 27 November 2026.",https://www.uu.nl/en/organisation/donate/apply-for-subsidies/grants-for-students,2026-10-09,2026-10-09
264,ROSANNA Fund for Women – 2026 application round,Utrechts Universiteitsfonds,Local,University (internal),Prize / stipend,Upcoming,,2026-11-27,false,Application,,4000,EUR,Master; PhD; Postdoc; Early career,Open (any discipline); Education & training,,1-phase,false,,Annual,"Need-based scholarship from the Utrechts Universiteitsfonds for talented women with a link to UU: up to €4,000 for scholars, €3,000 for students; covers tuition, 3–9 months living costs for study/research, or coaching/courses (not conferences). Reviewed once a year; 2025 round portal open 3–28 Nov 2025. 2026 round expected in the UU fund's Nov round (2–27 Nov 2026); exact ROSANNA date not yet published.",https://www.uu.nl/en/organisation/donate/rosanna-fund-application-and-criteria,2026-10-10,2026-10-10
245,KNMP Zorginnovatieprijs 2027,KNMP,National,Society / association,Prize / stipend,Upcoming,,2026-11-28,false,Application,,10000,EUR,Early career; Mid career; Senior/PI,Pharmacy practice & clinical pharmacy; Implementation & health services; Drug utilisation & appropriate use,,2-phase,false,Entrant must be a KNMP member,Annual,"Annual KNMP prize of €10,000 plus a certificate for an innovation in pharmacist care that is not yet standard or widely implemented. The jury scores relative advantage, compatibility, reduced complexity, testability and visibility; finalists then go to a member vote, and the prize is presented at the KNMP Voorjaarscongres. Only KNMP members (community and hospital pharmacists) can enter. For the 2026 edition, entries opened around 30 September and closed around 28 November (week 48), so the 2027 dates shown are estimated.",https://www.knmp.nl/sites/default/files/2025-09/reglement_zorginnovatieprijs_2026_alt.pdf,2026-10-09,2026-10-09
266,Alzheimer Nederland Impuls Grant 2026 – Round 3,Alzheimer Nederland,National,Charity / foundation,Project grant,Open,2026-09-01,2026-11-30,true,Application,,,EUR,Postdoc; Early career; Mid career; Senior/PI,Open (any discipline); Implementation & health services,Neurology & dementia,1-phase,false,,Several rounds per year,"Alzheimer Nederland's Impuls Grant for impactful dementia research, opened three times a year. Third 2026 round opened 1 Sep 2026; deadline 30 Nov 2026 12:00 CET via the AIMS grant portal. Amount not shown on the portal listing.",https://grants.alzheimer-nederland.nl/AUUID/4848D73B0,2026-10-10,2026-10-10
247,Rubicon 2026-3 (postdoc research abroad),NWO,National,Public research funder,Travel / mobility,Open,2026-09-03,2026-12-01,true,Application,,,EUR,PhD; Postdoc,Open (any discipline),,1-phase,false,,Several rounds per year,"Lets recent PhD graduates (PhD within 12 months before the deadline, or a supervisor's declaration that the thesis is approved) spend 12–24 months at a research institute outside the Netherlands. It covers salary, travel and limited research costs; the round budget of €3,145,000 is shared across the four NWO domains. Applications are individual and due 1 December 2026, 14:00.",https://www.zonmw.nl/en/subsidy/rubicon-2026-3,2026-10-09,2026-10-09
281,Fulbright Grants for Dutch PhD Candidates 2027-2028 (research stay in the US),Fulbright Commission the Netherlands,International,Government / agency,Travel / mobility,Open,,2026-12-01,true,Application,,12000,USD,PhD,Open (any discipline),,1-phase,false,Requires a US host institution for the visit (applicant stays employed in NL).,Annual,"USD 2,000 per month (max USD 12,000) plus partial health insurance for a 3–6 month research stay at a US university/institute in 2027-2028. For PhD candidates with Dutch nationality affiliated with a Dutch university; research in the US must be necessary. KNAW advises. Deadline 1 December 2026, 12:00 noon Dutch time. Note: patient-related clinical research may be excluded per conditions; check guide.",https://fulbright.nl/naar-de-vs/promovendi/fulbright-beurzen-voor-promovendi/,2026-10-10,2026-10-10
282,Fulbright Grants for Dutch Scholars 2027-2028 (research/teaching in the US),Fulbright Commission the Netherlands,International,Government / agency,Travel / mobility,Open,,2026-12-01,true,Application,15000,15000,USD,Postdoc; Early career; Mid career; Senior/PI,Open (any discipline),,1-phase,false,Requires a US host institution.,Annual,"Two grants per year of USD 15,000 for scholars at Dutch universities/research institutions to do research and/or teach at a US university for 3–6 months in academic year 2027-2028. KNAW advises. Deadline 1 December 2026, 12:00 noon Dutch time.",https://fulbright.nl/naar-de-vs/wetenschappers/fulbright-beurzen-2/,2026-10-10,2026-10-10
246,GGG – Alledaagse Aandoeningen in de huisartsenpraktijk (Common Conditions in General Practice),ZonMw,National,Public research funder,Project grant,Open,2026-10-01,2026-12-07,true,Pre-proposal,,,EUR,Postdoc; Early career; Mid career; Senior/PI,Drug utilisation & appropriate use; Pharmacy practice & clinical pharmacy; Clinical trials & drug development; Implementation & health services,,2-phase,true,Applicant must participate in UNH-Research via a university general-practice department (e.g. partner with a GP department such as UMC Utrecht/Julius Center).,Unknown,"Good Use of Medicines (GGG) round for research on questions from the NHG general-practice knowledge agenda, aiming at more effective, safer or more efficient use of medicines already registered in the Netherlands for common conditions. Total budget is €5 million with no fixed cap per project; multicentre studies may be needed. Project ideas are due 7 December 2026; invited full applications are due 31 May 2027, with a decision expected end of October 2027. The applicant must take part in UNH-Research through a university general-practice department.",https://www.zonmw.nl/nl/subsidie/alledaagse-aandoeningen-de-huisartsenpraktijk,2026-10-09,2026-10-09
280,HTAi 2027 Annual Meeting (Brussels) – Participation Grants,HTAi (Health Technology Assessment international),International,Society / association,Travel / mobility,Upcoming,,2026-12-08,false,Application,,,EUR,PhD; Postdoc; Early career,HTA & health economics; Pharmaceutical policy & access; Regulatory science,,1-phase,false,,Annual,"Participation grants for HTA stakeholders who would otherwise be unable to attend the HTAi Annual Meeting, to present work or participate. HTAi 2027 Annual Meeting: 12–16 June 2027, Brussels. Amount and 2027 deadline not yet published; deadline estimated from the previous pattern (participation grant deadline 8 Dec 2022 for the June 2023 meeting).",https://htai.org/about/awards-scholarships/htai-participation-grants/,2026-10-10,2026-10-10
213,Prix Galien Research Award Nederland 2027,Prix Galien Nederland,National,Charity / foundation,Prize / stipend,Upcoming,,2026-12-13,false,Registration,,,EUR,Postdoc; Early career; Mid career,Clinical pharmacology & therapeutics; Clinical trials & drug development,,2-phase,false,,Annual,"Dutch prize (gold medal) for a promising early-career researcher without an ordinary chair whose pharmacological research programme at a Dutch institution clearly exceeds PhD level; self-nomination needs a third-party recommendation. The 2027 cycle has not been announced; in the most recent published rules registration closed 13 Dec 2024 with dossiers due 7 Mar 2025, so the date shown is a projection and not confirmed.",https://www.prixgalien.nl/research-award/reglement/,2026-10-09,2026-10-09
197,Geneesmiddelen VIMP 2026-1 (Dissemination & Implementation Impulse),ZonMw,National,Public research funder,Project grant,Open,,2026-12-22,true,Full proposal,,50000,EUR,Postdoc; Mid career; Senior/PI,Drug utilisation & appropriate use; Implementation & health services; Pharmacy practice & clinical pharmacy; Clinical pharmacology & therapeutics,,1-phase,false,,Periodic,"VIMP (dissemination and implementation boost) within ZonMw's Goed Gebruik Geneesmiddelen programme, helping finished ZonMw-funded research on good medicine use (completed no more than three years ago) get used in practice; dissemination alone is not enough. Max EUR 50,000 and 18 months per project from a EUR 250,000 budget; open since 22 June 2026, deadline 22 December 2026, 14:00, though it may close earlier if the budget runs out. Applicant must be a legal entity in the Netherlands, and applications are in Dutch.",https://www.zonmw.nl/nl/subsidie/geneesmiddelen-vimp-2026-1,2026-08-31,2026-10-09
154,KNMP Stipendiafonds (international study trip grant),KNMP,National,Society / association,Prize / stipend,Rolling,,2027-01-01,true,Next cut-off,300,,EUR,Master,Education & training,,1-phase,false,,Continuous,"KNMP stipend for pharmacy students at Groningen, Leiden and Utrecht who go abroad for at least two weeks for research that is part of their pharmacy study; applicant must be a candidate KNMP member and must not have started the research yet. Applications are judged three times a year (closing dates 1 January, 1 July and 1 October). A 'light' application gives EUR 300-500; a 'heavy' application (meeting at least two high-potential criteria) can give a higher, unspecified amount. Each student may apply only once.",https://www.knmp.nl/beroepsontwikkeling/onderzoek/stipendiafonds,2026-04-17,2026-10-09
124,Longfonds Consortium Grant 2027,Longfonds,National,Charity / foundation,Consortium / network,Upcoming,,2027-01-04,false,Pre-proposal,700000,700000,EUR,Mid career; Senior/PI,Drug safety & pharmacovigilance; Pharmacoepidemiology & real-world evidence; Medication adherence & self-management,Respiratory,2-phase,true,Consortium of multiple research groups required; patient involvement mandatory,Annual,"Longfonds funds research consortia working on the prevention, treatment and cure of chronic lung diseases; in the 2026 round €2.1M was available for three consortia of €700,000 each. Patients must be involved from the start of proposal writing, and invited applicants have an advisory meeting with patient experts. Longfonds lists the 2027 call as opening mid-November 2026, with the pre-application deadline in early January 2027; the full-proposal date is not yet published (2026 round: pre-proposals 26 Jan, full proposals 18 May). Relevant for consortia on respiratory drug safety, inhaler adherence and COPD/asthma pharmacotherapy.",https://research.longfonds.nl/grants-and-other-support/consortium-grants,2026-04-10,2026-10-10
182,Kolff+ Programme 2027 – Call 2,Nierstichting (Dutch Kidney Foundation),National,Charity / foundation,Project grant,Upcoming,2026-11-26,2027-01-11,true,Pre-proposal,1000,585000,EUR,PhD; Postdoc; Early career; Mid career; Senior/PI,Drug safety & pharmacovigilance; Pharmacoepidemiology & real-world evidence,Renal,2-phase,false,,Several rounds per year,"The Dutch Kidney Foundation's Kolff+ programme runs open-competition calls for Creativity, Junior/Senior Talent and Success Accelerator grants, with €1–1.5M per call. The Kolff+ 2027 programme has two calls. Call 1 closed for pre-proposals on 10 September 2026. Call 2 opens 26 November 2026, takes pre-proposals until 11 January 2027 and runs the invited full-proposal stage from 12 April to 1 July 2027. Applications go through MIDAS. Relevant for research on drug-induced kidney injury and medication safety in kidney patients.",https://nierstichting.nl/onderzoekers/grants-aanvragen/kolff-programma-2027,2026-05-11,2026-10-10
77,ERC Consolidator Grant 2027,ERC,European,EU programme,Personal fellowship,Open,2026-09-24,2027-01-12,true,Application,2000000,2000000,EUR,Mid career,Open (any discipline); Pharmacoepidemiology & real-world evidence; Clinical pharmacology & therapeutics,,1-phase,false,,Annual,"ERC Consolidator Grant 2027 for researchers 5-15 years after their PhD (extensions possible for e.g. parental leave). Up to EUR 2M for 5 years, plus up to EUR 1M extra for justified costs. Bottom-up, any research topic. The call opened 24 September 2026 and closes 12 January 2027.",https://erc.europa.eu/apply-grant/consolidator-grant,2026-04-01,2026-10-09
212,Open Competition Domain Science – XS 2027 (Packet 27-1),NWO,National,Public research funder,Project grant,Upcoming,,2027-01-12,false,Application,,50000,EUR,Early career; Mid career; Senior/PI,Open (any discipline); Pharmacoepidemiology & real-world evidence; Clinical pharmacology & therapeutics,,1-phase,false,,Several rounds per year,"Small grants (up to EUR 50k, up to 1 year in previous rounds) for promising, speculative ideas in the NWO Science domain, assessed in three packets per year. The 2026 call had packets closing 13 Jan, 14 Apr and 15 Sep 2026. A 2027 call has not been announced; the date shown is projected from packet 26-1 and is not confirmed.",https://www.nwo.nl/en/calls/open-competition-domain-science-xs-2026,2026-10-09,2026-10-09
162,KHMW Proefschriftprijs Interdisciplinariteit 2027,KHMW,National,Society / association,Prize / stipend,Upcoming,,2027-01-15,false,Application,10000,10000,EUR,PhD,Open (any discipline),,1-phase,false,,Annual,"KHMW prize of EUR 10,000 (funded by the ESM Foundation) for one strongly interdisciplinary PhD thesis bridging the natural, social and humanities sciences, researched at a Dutch institution. The 2027 edition is for defences between 1 September 2025 and 31 August 2026. KHMW will open nominations in November 2026; the deadline is not yet published (the previous one was 15 January).",https://khmw.nl/khmw-proefschriftprijs-interdisciplinariteit/,2026-04-17,2026-10-09
275,"KNAW Faces of Science 2027 (PhD candidates, nomination)",KNAW,National,Public research funder,Prize / stipend,Upcoming,2026-10-15,2027-01-15,false,Nomination,,,EUR,PhD,Open (any discipline); Education & training,,1-phase,false,,Annual,"KNAW/De Jonge Akademie network of PhD candidates who show their research and life as a researcher via blogs/videos on the national science platform. Nomination by a KNAW or Jonge Akademie member. KNAW lists opening 15 Oct 2026; previous deadline 16 Jan 2026, so 2027 deadline estimated mid-Jan 2027.",https://www.knaw.nl/en/science-funds/apply-and-nominate,2026-10-10,2026-10-10
211,SSH Open Competition XS (Explore) 2027 – Round 1,NWO,National,Public research funder,Project grant,Upcoming,,2027-01-20,false,Application,,50000,EUR,Postdoc; Early career; Mid career; Senior/PI,Pharmaceutical policy & access; HTA & health economics; Drug utilisation & appropriate use,,1-phase,false,,Several rounds per year,"Small NWO grants (up to EUR 50k in 2026 rounds) for innovative social sciences and humanities research. NWO pre-announced three XS rounds in 2027 with deadlines expected in January, April and September, and from 2027 researchers can apply directly after their PhD; one application per calendar year across the SSH Open Competition. Exact round-1 date not confirmed; date shown is projected from 2026 round 1 (20 Jan 2026).",https://www.nwo.nl/en/news/nwo-expands-access-to-the-ssh-open-competition,2026-10-09,2026-10-09
283,Fulbright Grants for Dutch Graduate Students 2027-2028 (study in the US),Fulbright Commission the Netherlands,International,Government / agency,Prize / stipend,Open,,2027-01-21,true,Application,,50000,USD,Master,Open (any discipline); Education & training,,2-phase,false,Requires admission to a US graduate programme.,Annual,"About 6 grants of up to USD 50,000 for Dutch nationals (with a bachelor's degree) to follow a graduate programme, non-degree programme or research period of at least 9 months at a US university in 2027-2028; partial health insurance included. Not for the first year of a full US PhD. Deadline 21 January 2027.",https://fulbright.nl/naar-de-vs/ik-ben-student/fulbright-beurzen/,2026-10-10,2026-10-10
183,Veni – ZonMw Health Research Domain 2026/2027,NWO,National,Public research funder,Personal fellowship,Open,,2027-01-26,true,Full proposal,320000,320000,EUR,Postdoc; Early career,Pharmacoepidemiology & real-world evidence; Clinical pharmacology & therapeutics; Drug safety & pharmacovigilance; Open (any discipline),,2-phase,false,,Annual,"NWO Veni in the ZonMw Health Research and Development domain: up to EUR 320,000 for up to three years for researchers with a PhD obtained within three years before 1 January 2026 (or between 1 January and 2 September 2026). The pre-proposal deadline was 1 September 2026 and no new applications are possible. Applicants with a positive pre-proposal decision submit full proposals by 26 January 2027, 14:00 CET.",https://www.nwo.nl/en/calls/nwo-talent-programme-veni-health-research-and-development-zonmw-2026,2026-05-18,2026-10-09
231,"ERA4Health IICS4all 2027 (JTC9) – Investigator-Initiated Clinical Studies in Cardiovascular, Autoimmune, Metabolic & Respiratory Diseases",ERA4Health,European,EU programme,Consortium / network,Upcoming,2026-10-27,2027-01-27,false,Pre-proposal,,,EUR,Mid career; Senior/PI,Clinical trials & drug development; Clinical pharmacology & therapeutics; Drug utilisation & appropriate use; Implementation & health services,Cardiovascular; Diabetes & metabolic; Rheumatology & immunology; Respiratory,2-phase,true,Multinational consortium; participating funders listed in pre-announcement (no Dutch funder),Annual,"ERA4Health's ninth joint transnational call will fund pragmatic, multinational phase III randomised investigator-initiated studies, either comparative-effectiveness trials or repurposing of off-patent drugs, in cardiovascular, metabolic, autoimmune and non-communicable respiratory diseases, with attention to diverse and underrepresented populations (up to 48 months). The pre-announcement says the call will be published on 27 October 2026; budget and deadlines are not yet public. The Netherlands/ZonMw is not among the expected funders, so Dutch teams should check the call text on how they can take part. The deadline shown is an estimate (Trials4Health 2026 pre-proposal date + 1 year).",https://era4health.eu/calls/pre_iics4all2027.php,2026-10-09,2026-10-09
190,KNAW Early Career Partnerships 2026,KNAW,National,Public research funder,Prize / stipend,Upcoming,2026-11-01,2027-02-01,false,Application,10000,10000,EUR,Postdoc; Early career,Open (any discipline),,1-phase,false,,Annual,"KNAW Early Career Partnerships: EUR 10,000 to organise an interdisciplinary science meeting, for researchers 3-7 years post-PhD at a Dutch university or research institute (KNAW extension rules apply). Up to ten partnerships per year. The next round opens on 1 November 2026; the closing date is not yet published (the 2026 round closed in early February).",https://www.knaw.nl/en/funds-and-prizes/knaw-early-career-partnerships,2026-05-28,2026-10-09
15,"Dekker Grants 2027 (Postdoc, Senior Scientist, Clinical Scientist)",Hartstichting (Dutch Heart Foundation),National,Charity / foundation,Personal fellowship,Upcoming,,2027-02-02,false,Application,200000,500000,EUR,Postdoc; Mid career; Senior/PI,Drug safety & pharmacovigilance; Pharmacoepidemiology & real-world evidence,Cardiovascular,1-phase,false,,Annual,"Four Dekker grant types were open: Postdoc (3 positions, 2-3 years), Senior Scientist, Clinical Scientist, and Senior Clinical Scientist. External submission deadline was 3 February 2026 14:00. Monitor for 2027 round opening ~Dec 2026.",https://professionals.hartstichting.nl/samenwerking-en-financiering/financiering/dekkerbeurs-voor-onderzoekers,2026-01-01,2026-10-09
195,EUP OHAMR 2nd Joint Transnational Call – Preventing Emergence & Spread of AMR,EUP OHAMR,European,EU programme,Consortium / network,Upcoming,,2027-02-02,false,Pre-proposal,,,,Postdoc; Mid career; Senior/PI,Antimicrobial resistance & One Health; Drug utilisation & appropriate use; Pharmacoepidemiology & real-world evidence,Infectious disease,2-phase,true,Transnational consortium across multiple partner countries; national funding via participating agencies (e.g. ZonMw for NL),Periodic,"The European Partnership on One Health AMR (EUP OHAMR) runs joint transnational calls with national funders (e.g. ZonMw for NL). Its first call (JTC 2026, treatments and adherence to treatment protocols; over EUR 31M from 37 funders in 28 countries) opened 18 November 2025, with pre-proposals due 2 February 2026 and full proposals 17 June 2026. A second call has not yet been announced on ohamr.eu; the deadline shown is a placeholder based on the first call's timing. Relevant for antimicrobial stewardship, adherence and drug-utilisation research.",https://ohamr.eu/calls,2026-08-17,2026-10-09
256,"THCS Joint Transnational Call 2027 (Transforming Health and Care Systems, expected)",THCS Partnership (Transforming Health and Care Systems),European,EU programme,Consortium / network,Upcoming,,2027-02-02,false,Pre-proposal,,,EUR,Mid career; Senior/PI,Implementation & health services; HTA & health economics; Pharmaceutical policy & access,,2-phase,true,Transnational consortium with partners from several participating countries.,Annual,"The Horizon Europe co-funded THCS partnership has run a joint transnational call every year (2023 Healthcare of the Future, 2024 Innovate to Prevent, 2025 Better care closer to home, 2026 Access to Care). ZonMw, NWO and NIVEL are Dutch partners. A 2027 call has not been announced. The 2026 call opened in November 2025, with pre-proposals due 2 February 2026 and full proposals due 30 June 2026; the date here is an estimate based on that pattern.",https://www.thcspartnership.eu/funding,2026-10-09,2026-10-09
136,NNF Start Package Grants for Faculty Recruitment Q1 2027,Novo Nordisk Foundation,International,Charity / foundation,Personal fellowship,Open,2026-10-08,2027-02-03,false,Application,,10000000,DKK,Mid career; Senior/PI,Open (any discipline); Data science & AI; Pharmacoepidemiology & real-world evidence,,1-phase,false,,Several rounds per year,"Novo Nordisk Foundation start packages help Danish universities, hospitals and non-profit research institutions recruit researchers of any nationality into faculty positions. The host institution applies; grants run for 4 years, up to DKK 5M (assistant professor/tenure track), DKK 8M (associate professor) or DKK 10M (full professor/clinical chair). Calls run quarterly. The Q4 2026 round closed 8 Oct 2026, and the Q1 2027 round opened the same day; its deadline is not yet confirmed (Q1 2026 closed 3 Feb 2026). Only relevant for researchers moving to a Danish institution.",https://novonordiskfonden.dk/en/grant/start-package-grants-for-faculty-recruitment-q4-2026/,2026-04-12,2026-10-10
277,"NVF Prof. Van Zwieten PhD Thesis Award (next edition, expected)",Dutch Pharmacological Society (NVF),National,Society / association,Prize / stipend,Upcoming,,2027-02-05,false,Nomination,,,EUR,PhD,Clinical pharmacology & therapeutics,,1-phase,false,,Annual,"Award for the best pharmacology PhD thesis defended in the Netherlands (criteria: scientific quality, pharmacology focus, NVF membership); nominated by supervisor with thesis + support letter; presented at the NVF spring meeting. Last confirmed call: theses defended 2024, deadline 7 Feb 2025. Next edition not yet announced; deadline estimated.",https://nvfarmacologie.nl/awards/prof-van-zwieten-award/,2026-10-10,2026-10-10
279,EULAR Clinical RMD Research Methods Grant (winter 2026 call),EULAR,European,Society / association,Project grant,Upcoming,,2027-02-07,false,Application,,50000,EUR,Postdoc; Early career; Mid career; Senior/PI,Pharmacoepidemiology & real-world evidence; Clinical trials & drug development; Data science & AI,Rheumatology & immunology,Unknown,false,,Annual,"EULAR has restructured its research funding into 'Improving Research Methods, Capabilities and Processes' grants (EUR 50,000 per project, method development rather than hypothesis testing). The basic/translational methods call closed 31 August; EULAR states a separate call for Clinical RMD Research Methods will open in winter 2026. Deadline not yet published: estimated from the previous EULAR Research Grants deadline (7 Feb 2026) + 1 year; verify when the call opens.",https://www.eular.org/eular-research-funding,2026-10-10,2026-10-10
232,EP PerMed Joint Transnational Call 2027 (JTC2027),EP PerMed,European,EU programme,Consortium / network,Upcoming,,2027-02-10,false,Pre-proposal,,,EUR,Mid career; Senior/PI,Precision medicine & pharmacogenetics; Pharmacoepidemiology & real-world evidence; Data science & AI,,2-phase,true,Multinational consortium across participating EP PerMed countries,Annual,"EP PerMed runs a yearly joint transnational call for multinational personalised medicine projects; the 2026 call (CARMEN2026, about EUR 38M, ZonMw participating) was published in late November 2025. No 2027 call has been announced yet. EP PerMed says it has no information on upcoming calls, so the topic, budget and dates are not known. The deadline shown is an estimate (JTC2026 pre-proposal date of 10 Feb + 1 year).",https://www.eppermed.eu/funding-projects/calls/,2026-10-09,2026-10-09
234,Erasmus+ Capacity Building in Higher Education 2027,Erasmus+ Programme,European,EU programme,Consortium / network,Upcoming,,2027-02-10,false,Application,200000,1000000,EUR,PhD; Postdoc; Early career; Mid career; Senior/PI,Education & training; Global health,,1-phase,true,International consortium with partners from eligible programme and partner countries,Annual,"Erasmus+ CBHE funds international consortia that modernise higher education in partner countries, which could suit pharmacy and pharmacoepidemiology education projects. In the 2026 call there were three strands, with grants from EUR 200k (Strand 1) up to EUR 1M (Strand 3), and the deadline was 10 February 2026 at 17:00 Brussels time. The 2027 call has not been published yet. The deadline shown is an estimate (2026 date + 1 year).",https://erasmus-plus.ec.europa.eu/programme-guide/part-b/key-action-2/capacity-building-higher-education,2026-10-09,2026-10-09
158,NVKFB Proefschriftprijs (clinical pharmacology dissertation),NVKFB,National,Society / association,Prize / stipend,Upcoming,,2027-02-12,false,Application,1000,1000,EUR,PhD,Clinical pharmacology & therapeutics; Clinical trials & drug development,,1-phase,false,NVKFB membership required,Annual,"EUR 1,000 annual NVKFB prize for a dissertation on clinical pharmacological or biopharmaceutical research from a university in the Dutch-language region, by an NVKFB member (self-nomination allowed). The promotion may be at most three years before the award, and a candidate can be nominated only once. Submit the thesis PDF to info@nvkfb.nl; the current reglement (May 2026) states no deadline, and the next round is expected around mid-February 2027.",https://nvkfb.nl/wetenschap/proefschrift-prijs/,2026-04-17,2026-10-09
159,NVKFB TOP-Publicatieprijs (best clinical pharmacology publication),NVKFB,National,Society / association,Prize / stipend,Upcoming,,2027-02-12,false,Application,500,500,EUR,PhD; Postdoc; Early career,Clinical pharmacology & therapeutics; Education & training,,1-phase,false,NVKFB membership required,Annual,"EUR 500 educational grant awarded each year by the NVKFB for the best original clinical pharmacology article (English or Dutch, peer-reviewed) published in the previous calendar year with an NVKFB member working in the Dutch-speaking region as first author. One submission per member per year; reviews, editorials and abstracts are excluded. NVKFB sends members a yearly call; no deadline is published yet (expected around February 2027).",https://nvkfb.nl/wetenschap/top-publicatie/,2026-04-17,2026-10-09
230,ERDERA Joint Transnational Call 2027 (expected),Horizon Europe – ERDERA,European,EU programme,Consortium / network,Upcoming,,2027-02-12,false,Pre-proposal,,,EUR,Mid career; Senior/PI,Rare diseases & orphan drugs; Clinical trials & drug development; Precision medicine & pharmacogenetics,,2-phase,true,Multinational consortium (several countries); check 2027 call text,Annual,"ERDERA, the European Rare Diseases Research Alliance, runs a yearly two-stage joint transnational call for multinational rare-disease research consortia. The 2027 topic and dates have not been published. The pre-proposal deadline shown is an estimate from the 2026 JTC (pre-proposals 12 February, full proposals 8 July 2026). ERDERA's separate 2026 Clinical Trial Call is open but required an expression of interest by 10 September 2026.",https://erdera.org/funding/,2026-10-09,2026-10-09
22,HORIZON-HLTH-2027 Adverse Drug Reactions – Personalised Approaches,Horizon Europe,European,EU programme,Consortium / network,Upcoming,,2027-02-17,false,Application,8000000,10000000,EUR,Mid career; Senior/PI,Drug safety & pharmacovigilance; Precision medicine & pharmacogenetics; Drug utilisation & appropriate use,,1-phase,true,"International consortium required (min. 3 entities, 3 countries)",Work programme cycle,"HORIZON-HLTH-2027-01-CARE-02 (RIA, single stage): personalised approaches to reduce adverse drug reactions in patients taking three or more medicines, especially with comorbidities. Proposals should combine pharmacogenomics and other biomarkers for stratification with EHRs, AI and clinical decision support, assess clinical utility and cost-effectiveness, and feed results into EMA and national (de)prescribing guidance. EUR 38M for about 4 projects of EUR 8-10M. Highly relevant for PECP. Dates conflict: the 2026-2027 work programme gives 17 February 2027 as the deadline, while the Funding & Tenders portal currently shows 10 February–13 April 2027; the earlier date is shown here until the portal settles.",https://ec.europa.eu/info/funding-tenders/opportunities/portal/screen/opportunities/topic-details/horizon-hlth-2027-01-care-02,2026-02-01,2026-10-09
46,HORIZON-HLTH-2027-02-TOOL-01-two-stage – AI for Predictive Biomarkers in Chronic NCDs,Horizon Europe,European,EU programme,Consortium / network,Upcoming,2026-10-29,2027-02-17,true,Pre-proposal,6000000,8000000,EUR,Mid career; Senior/PI,Data science & AI; Precision medicine & pharmacogenetics; Implementation & health services; Pharmacoepidemiology & real-world evidence,,2-phase,true,"International consortium, min. 3 entities from 3 EU/associated countries",Work programme cycle,"Horizon Europe two-stage RIA HORIZON-HLTH-2027-02-TOOL-01-two-stage: developing predictive biomarkers of disease progression and treatment response with AI methods for chronic non-communicable diseases. EUR 44.2M for about 6 projects of EUR 6-8M. Opens 29 October 2026; first-stage deadline 17 February 2027, second-stage deadline 16 September 2027. Highly relevant for the division's AI/data science and pharmacoepi work.",https://ec.europa.eu/info/funding-tenders/opportunities/portal/screen/opportunities/topic-details/horizon-hlth-2027-02-tool-01-two-stage,2026-04-01,2026-10-09
132,HORIZON-HLTH-2027-01-DISEASE-08 – New Antibacterial & Antifungal Therapies,Horizon Europe,European,EU programme,Consortium / network,Upcoming,,2027-02-17,false,Application,8000000,10000000,EUR,Mid career; Senior/PI,Antimicrobial resistance & One Health; Clinical trials & drug development; Drug utilisation & appropriate use; Drug safety & pharmacovigilance; Pharmacoepidemiology & real-world evidence,Infectious disease,1-phase,true,"International consortium required (min. 3 entities, 3 EU/associated countries)",Work programme cycle,"Horizon Europe RIA HORIZON-HLTH-2027-01-DISEASE-08 for innovative antimicrobials against resistant pathogens; each proposal targets one of CRAB, CRE/third-generation cephalosporin-resistant Enterobacterales, carbapenem-resistant P. aeruginosa, MRSA, drug-resistant Aspergillus fumigatus or drug-resistant Candida. Phage therapies are out of scope. EUR 44.2M for about 5 projects of EUR 8-10M. Dates conflict: the 2026-2027 work programme gives 17 February 2027 as the deadline, while the Funding & Tenders portal currently shows 10 February–13 April 2027; the earlier date is shown here until the portal settles.",https://ec.europa.eu/info/funding-tenders/opportunities/portal/screen/opportunities/topic-details/horizon-hlth-2027-01-disease-08,2026-04-12,2026-10-09
142,HORIZON-HLTH-2027-01-ENVHLTH-02 – Climate-related Exposures in the Human Exposome,Horizon Europe,European,EU programme,Consortium / network,Upcoming,,2027-02-17,false,Application,10000000,11000000,EUR,Mid career; Senior/PI,Sustainable pharmacy & planetary health; Pharmacoepidemiology & real-world evidence; Data science & AI,,1-phase,true,"International consortium required (min. 3 entities, 3 EU/associated countries)",Work programme cycle,"Horizon Europe RIA (call HORIZON-HLTH-2027-01, single stage) on integrating climate-related exposures such as heat, air pollution and drought into large human exposome studies and modelling how the exposome shifts under climate change. Projects should use AI and real-world data, address social and demographic vulnerability, include social sciences and humanities, and share outputs via IHEN platforms and the European Climate and Health Observatory. EUR 45M for about 4 projects of EUR 10-11M. Dates conflict: the 2026-2027 work programme gives 17 February 2027 as the deadline, while the Funding & Tenders portal currently shows 10 February–13 April 2027; the earlier date is shown here until the portal settles.",https://ec.europa.eu/info/funding-tenders/opportunities/portal/screen/opportunities/topic-details/horizon-hlth-2027-01-envhlth-02,2026-04-14,2026-10-09
143,HORIZON-HLTH-2027-01-DISEASE-05/06/07 – Antivirals & Monoclonal Antibodies,Horizon Europe,European,EU programme,Consortium / network,Upcoming,,2027-02-17,false,Application,9000000,11000000,EUR,Mid career; Senior/PI,Clinical trials & drug development; Drug safety & pharmacovigilance; Clinical pharmacology & therapeutics; Pharmacoepidemiology & real-world evidence,Infectious disease,1-phase,true,"International consortium required (min. 3 entities, 3 EU/associated countries)",Work programme cycle,"Three single-stage RIA topics in call HORIZON-HLTH-2027-01: DISEASE-05 novel small-molecule antivirals for pathogens with epidemic potential (EUR 44.2M, ~5 projects of EUR 9-11M; one of six named virus groups, antibodies excluded), DISEASE-06 monoclonal antibodies against flaviviruses and DISEASE-07 monoclonal antibodies against filo-, nairo-, phenui-, picorna- and togaviruses (each EUR 37.3M, ~4 projects of EUR 9-10M). Work runs from discovery to GMP batches and first-in-human safety studies. Relevant mainly as a partner for clinical pharmacology and safety work packages. Dates conflict: the 2026-2027 work programme gives 17 February 2027 as the deadline, while the Funding & Tenders portal currently shows 10 February–13 April 2027; the earlier date is shown here until the portal settles.",https://ec.europa.eu/info/funding-tenders/opportunities/portal/screen/opportunities/topic-details/horizon-hlth-2027-01-disease-05,2026-04-14,2026-10-09
250,HORIZON-HLTH-2027-02-DISEASE-01 – Innovative Healthcare Interventions for Non-Communicable Diseases (two-stage),Horizon Europe,European,EU programme,Consortium / network,Upcoming,2026-10-29,2027-02-17,false,Pre-proposal,7000000,8000000,EUR,Mid career; Senior/PI,Clinical trials & drug development; Clinical pharmacology & therapeutics; HTA & health economics; Pharmacoepidemiology & real-world evidence,Cardiovascular; Diabetes & metabolic; Respiratory; Renal,2-phase,true,Standard Horizon Europe consortium (at least 3 independent entities from 3 EU/associated countries); SSH expertise required.,Work programme cycle,"Research and Innovation Action funding early-stage (phase 1/2 for drugs) clinical trials of new or refined pharmacological or non-pharmacological interventions for cardiovascular disease, diabetes, chronic respiratory disease or chronic kidney disease. Applicants need prior proof-of-concept and a draft protocol, plus a health-economic assessment and real-world data analysis; comparative-effectiveness studies are out of scope. Expected EU contribution is €7–8 million per project (about 8 projects). The call opens 29 October 2026, with the first stage due 17 February 2027 and the second stage due 16 September 2027. The Funding & Tenders portal shows different (later) dates for some 2027 health topics than the work programme; check the portal before planning.",https://cordis.europa.eu/programme/id/HORIZON_HORIZON-HLTH-2027-02-DISEASE-01-two-stage,2026-10-09,2026-10-09
251,HORIZON-HLTH-2027-01-DISEASE-10 – Chronic NCDs in Children and Young People (GACD implementation research),Horizon Europe,European,EU programme,Consortium / network,Upcoming,2026-10-29,2027-02-17,false,Full proposal,3000000,4000000,EUR,Mid career; Senior/PI,Global health; Implementation & health services,Mental health; Diabetes & metabolic,1-phase,true,Equitable partnership and shared leadership between HIC and LMIC (and/or Indigenous) members; at least one early-career co-investigator.,Work programme cycle,"Implementation research on preventing, screening, diagnosing and managing chronic non-communicable diseases in people aged 1–24 in low- and middle-income countries and/or underserved high-income populations, aligned with the 12th Global Alliance for Chronic Diseases call. Projects must use hybrid effectiveness-implementation designs and equitable HIC–LMIC leadership; pharmacological trials and aetiological cohorts are excluded. Expected EU contribution is €3–4 million per project (about 3 projects). The single-stage call opens 29 October 2026 and closes 17 February 2027. The Funding & Tenders portal shows different (later) dates for some 2027 health topics than the work programme; check the portal before planning.",https://cordis.europa.eu/programme/id/HORIZON_HORIZON-HLTH-2027-01-DISEASE-10,2026-10-09,2026-10-09
252,HORIZON-HLTH-2027-02-DISEASE-14 – Clinical Trials for Neurodegenerative Diseases (two-stage),Horizon Europe,European,EU programme,Consortium / network,Upcoming,2026-10-29,2027-02-17,false,Pre-proposal,,10000000,EUR,Mid career; Senior/PI,Clinical trials & drug development; Clinical pharmacology & therapeutics,Neurology & dementia,2-phase,true,Standard Horizon Europe consortium (at least 3 entities from 3 EU/associated countries).,Work programme cycle,"Research and Innovation Action for clinical trials that advance innovative interventions for neurodegenerative diseases. Expected EU contribution is around €10 million per project (about 4 projects). The call opens 29 October 2026, with the first stage due 17 February 2027 and the second stage due 16 September 2027. The detailed topic scope was not read, so check the work programme. The Funding & Tenders portal shows different (later) dates for some 2027 health topics than the work programme; check the portal before planning.",https://ec.europa.eu/info/funding-tenders/opportunities/docs/2021-2027/horizon/wp-call/2026-2027/wp-4-health_horizon-2026-2027_en.pdf,2026-10-09,2026-10-09
263,Utrecht Network Young Researcher's Grant 2027,Utrecht University – Utrecht Network,Local,University (internal),Travel / mobility,Upcoming,,2027-02-19,false,Application,,1200,EUR,Master; PhD,Open (any discipline); Education & training,,1-phase,true,Host supervisor at a Utrecht Network partner university must agree,Annual,"Mobility grant (€1,200 per scholarship, up to ~20 awards network-wide) for master's and PhD thesis research (PhD prioritised) of at least 4 weeks at another Utrecht Network partner university abroad. 2026 call: UU deadline 20 Feb 2026, mobility 1 May 2026–31 Mar 2027. 2027 round expected around the same date; deadline estimated from 2026 round, not yet announced.",https://students.uu.nl/sites/default/files/2026%20UN_young_researchers_grant_factsheet.pdf,2026-10-10,2026-10-10
141,EP PerMed Twinning Call 2027 (expected),EP PerMed,European,EU programme,Travel / mobility,Upcoming,,2027-02-26,false,Application,10000,50000,EUR,Early career; Mid career; Senior/PI,Precision medicine & pharmacogenetics; Implementation & health services,,1-phase,true,2–3 independent health/care provider organisations (1 Donor + 1–2 Receivers) from at least 2 Horizon Europe (associated) countries,Unknown,"The EP PerMed Twinning Call (run with EIT Health) funds 6–12 month peer-to-peer exchanges where a 'Donor' health or care provider helps one or two 'Receivers' in other countries adopt a mature personalised-medicine solution (TRL 9, CE-marked where needed). Up to €50,000 per project covers meetings, travel and professional services, not research. The 2026 call (opened 10 Dec 2025, deadline 26 Feb 2026) is closed, and EP PerMed lists no upcoming call. Applicants must be health/care providers, so a university group would need to take part via UMC Utrecht.",https://www.eppermed.eu/funding-projects/calls/twinning-call-2026/,2026-04-14,2026-10-10
285,EUFEPS European PhD Student Competition 2027,EUFEPS (European Federation for Pharmaceutical Sciences),European,Society / association,Prize / stipend,Upcoming,,2027-02-28,false,Nomination,500,1000,EUR,PhD,Clinical pharmacology & therapeutics; Open (any discipline),,2-phase,false,,Annual,"Each EUFEPS member society nominates one PhD student (at least 3rd year) after national selection; finalists give flash talks at the EUFEPS Annual Meeting. Prizes EUR 1,000 / 750 / 500 plus free meeting registration. 2026 edition: national results due 28 February 2026, finals 27–29 May 2026 (Naples). 2027 edition not yet announced; deadline estimated as 28 February 2027 (national selection, via the Dutch member society).",https://eufeps.org/the-european-phd-student-competition.html,2026-10-10,2026-10-10
244,VSBfonds Beurs 2027 (study/research abroad after bachelor),VSBfonds,National,Charity / foundation,Travel / mobility,Upcoming,,2027-03-01,false,Application,,10000,EUR,Master,Education & training; Open (any discipline),,1-phase,false,Application via contact person at the Dutch institution (UU),Annual,"VSBfonds scholarship for socially engaged graduates with at least a bachelor's degree for a short study, research stay or master's abroad starting after 1 July of the following year. It cannot be part of a Dutch degree programme, and internships do not qualify. Under the UU conditions for the last cycle, applicants need Dutch nationality, and the grant is up to €7,000 (up to €10,000 for a two-year programme). There is one round a year: it opens in autumn and closes on 1 March, so the 2027 date is estimated.",https://www.vsbfonds.nl/beurzen,2026-10-09,2026-10-09
273,Trombosestichting Patient-oriented Project Round 2027 (expected),Trombosestichting Nederland,National,Charity / foundation,Project grant,Upcoming,,2027-03-03,false,Application,,35000,EUR,Postdoc; Early career; Mid career; Senior/PI,Medication adherence & self-management; Implementation & health services,Cardiovascular,1-phase,false,,Annual,"Small patient-oriented projects (max €35,000, up to 18 months) on venous or arterial thrombosis with results directly relevant to patients; plain-language proposals reviewed with Patient Advisory Council. 2026 deadline was Wed 4 Mar 2026 09:00; 2027 round expected at a similar date (estimated, not announced).",https://www.trombosestichting.nl/wp-content/uploads/2025/12/TSN-Algemene-richtlijnen-subsidierondes-2026_dec-2025_def.pdf,2026-10-10,2026-10-10
49,Global Health EDCTP3 – Joint Calls 2026,Global Health EDCTP3,European,EU programme,Consortium / network,Upcoming,,2027-03-04,false,Pre-proposal,3000000,8000000,EUR,Mid career; Senior/PI,Global health; Pharmaceutical policy & access; Clinical trials & drug development; Drug safety & pharmacovigilance; Regulatory science,,Varies,true,Consortium with African partners required,Annual,"Global Health EDCTP3 funds clinical research and capacity building on infectious diseases and health challenges in sub-Saharan Africa. Its 2026 work programme (about EUR 147M) covered TB, lower respiratory tract infections, HIV co-morbidities, climate and health, and CSAs on ethics/regulatory/pharmacovigilance training networks and digital/AI; all 2026 deadlines have passed (RIA full proposals 17 September 2026). The 2027 work programme is not yet published; the deadline shown is a placeholder based on the 2026 first-stage date (4 March 2026).",https://www.global-health-edctp3.europa.eu/funding/calls-proposals_en,2026-04-01,2026-10-09
206,Vici – Science Domain 2027,NWO,National,Public research funder,Personal fellowship,Upcoming,,2027-03-10,false,Pre-proposal,,1500000,EUR,Senior/PI,Pharmacoepidemiology & real-world evidence; Clinical pharmacology & therapeutics; Open (any discipline),,2-phase,false,,Annual,"NWO Talent Programme grant of up to EUR 1.5M for senior researchers (PhD within 15 years of the benchmark date) to build a research group. The 2027 round has not been published; the pre-proposal deadline shown is projected from the 2026 round (pre-proposal 10 Mar 2026, full proposal 8 Sep 2026) and is not confirmed.",https://www.nwo.nl/en/researchprogrammes/nwo-talent-programme,2026-10-09,2026-10-09
207,Vici – ZonMw Health Research Domain 2027,NWO,National,Public research funder,Personal fellowship,Upcoming,,2027-03-10,false,Pre-proposal,,1500000,EUR,Senior/PI,Pharmacoepidemiology & real-world evidence; Clinical pharmacology & therapeutics; Drug safety & pharmacovigilance; Open (any discipline),,2-phase,false,,Annual,"Vici grant via the ZonMw (health research) domain: up to EUR 1.5M for senior researchers with PhD within 15 years. The 2027 round has not been published; the pre-proposal deadline shown is projected from the 2026 round (10 Mar 2026 pre-proposal, 8 Sep 2026 full proposal) and is not confirmed. Applicants choose one domain only.",https://www.nwo.nl/en/researchprogrammes/nwo-talent-programme,2026-10-09,2026-10-09
219,EP BrainHealth Joint Transnational Call 2027 (NWO/Hersenstichting),NWO,European,Public research funder,Consortium / network,Upcoming,,2027-03-10,false,Pre-proposal,,400000,EUR,Mid career; Senior/PI,Pharmacoepidemiology & real-world evidence; Drug utilisation & appropriate use,Neurology & dementia; Mental health,2-phase,true,Multinational consortium of 3-6 partners,Annual,"Transnational calls of the European Partnership for Brain Health, with NWO and the Brain Foundation Netherlands funding Dutch partners (2026: max EUR 400k per Dutch project, consortia of 3-6 partners). The 2026 calls (pre-proposals 10 Mar, full proposals 30 Jun 2026) are under review; no 2027 call has been announced, so the date shown is projected and not confirmed.",https://www.brainhealth-partnership.eu/calls/,2026-10-09,2026-10-09
222,Open Mind 2027 (expected),NWO,National,Public research funder,Project grant,Upcoming,,2027-03-10,false,Application,,100000,EUR,PhD; Postdoc; Early career; Mid career; Senior/PI,Open (any discipline); Valorisation & public-private,,1-phase,false,,Annual,"NWO Applied and Engineering Sciences funds daring ideas with societal impact through Open Mind: about 10 grants of up to €100,000 for at most one year. Researchers at Dutch universities, UMCs and institutes can apply, including postdocs and PhD candidates who hold a master's degree. NWO runs one round a year. The 2027 call has not been published, so the deadline is estimated from 2026 (10 March) and is not confirmed.",https://www.nwo.nl/en/researchprogrammes/open-mind,2026-10-09,2026-10-09
225,ERC Proof of Concept 2027 (cut-offs Mar & Sep 2027),ERC,European,EU programme,Project grant,Upcoming,2026-11-12,2027-03-10,true,Next cut-off,150000,150000,EUR,Mid career; Senior/PI,Open (any discipline); Valorisation & public-private; Clinical trials & drug development,,1-phase,false,,Several rounds per year,"Lump sum of €150,000 over 18 months for current or recent ERC grantees who want to test the commercial or societal potential of results from their ERC project. Under ERC Work Programme 2027 the call ERC-2027-PoC opens 12 November 2026 and has two cut-offs, 10 March 2027 and 16 September 2027 (budget €60M, ~400 grants). The ERC calls these dates provisional.",https://erc.europa.eu/apply-grant/proof-concept,2026-10-09,2026-10-09
148,ISPE 43rd ICPE 2027 – Travel Scholarships (expected),ISPE,International,Society / association,Travel / mobility,Upcoming,,2027-03-15,false,Application,500,3000,USD,PhD; Postdoc; Early career,Pharmacoepidemiology & real-world evidence; Drug safety & pharmacovigilance,,1-phase,false,,Annual,"ISPE Annual Meeting Scholarship for the 43rd ISPE Annual Meeting, 21-25 August 2027 in Seattle (USA). The 2026 Milan round closed 12 March 2026. The 2027 scholarship call has not yet been published; deadline shown is an estimate (~March 2027).",https://www.pharmacoepi.org/meetings/annual-conference/,2026-04-17,2026-10-09
156,PRISMA Proefschrift Prijs 2026 (pharmacy practice research),KNMP,National,Society / association,Prize / stipend,Upcoming,,2027-03-15,true,Application,1000,2500,EUR,PhD,Pharmacy practice & clinical pharmacy; Implementation & health services,,1-phase,false,,Annual,"Annual PRISMA Thesis Prize for dissertations defended in the previous 2 years at a Dutch or Belgian university, on new insights from pharmaceutical practice research implemented in community or hospital pharmacy. Evaluated on degree of implementation, translatability to pharmacist care, and scientific quality. Awarded at the PRISMA symposium (12 May 2026, Breukelen). Submit via prisma@knmp.nl.",https://www.knmp.nl/beroepsontwikkeling/onderzoek/prisma,2026-04-17,
164,ICPE Annual Meeting Scholarships (student travel award),ISPE,International,Society / association,Prize / stipend,Upcoming,,2027-03-15,false,Application,500,2500,USD,Master; PhD; Postdoc; Early career,Pharmacoepidemiology & real-world evidence,,1-phase,false,ISPE student membership + accepted abstract favoured,Annual,"ISPE awards travel scholarships (transportation + hotel reimbursement) for the ICPE Annual Meeting to students and researchers from developing countries or in financial need. 2026 deadline was 12 March 2026; 2027 round expected around March 2027. Criteria: accepted abstract, student status, country of residence, financial need. Directly relevant for PhDs at the Centre for Pharmacoepidemiology.",https://www.pharmacoepi.org/meetings/annual-conference/,2026-04-17,2026-10-09
223,Off Road 2027 – High-Risk High-Reward Research (expected),ZonMw,National,Public research funder,Project grant,Upcoming,,2027-03-24,false,Application,,100000,EUR,Postdoc; Early career,Open (any discipline); Pharmacoepidemiology & real-world evidence; Clinical pharmacology & therapeutics,,1-phase,false,,Annual,"ZonMw grants for curiosity-driven, high-risk biomedical and health research aiming at a proof of concept, for researchers 2 to 6 years after their PhD. In 2026 the grants were up to €100,000 for 12 to 18 months, plus an optional €30,000 module for animal-free methods (NAMs). The 2027 round has not been announced, so the deadline is estimated from 2026 (24 March) and is not confirmed.",https://www.zonmw.nl/en/subsidy/off-road-2026,2026-10-09,2026-10-09
248,NAM Collaboration Grant 2026 (animal-free methods knowledge transfer),ZonMw,National,Public research funder,Project grant,Open,2026-06-16,2027-03-30,true,Application,,30000,EUR,Postdoc; Early career; Mid career; Senior/PI,Regulatory science; Clinical pharmacology & therapeutics; Drug safety & pharmacovigilance,,1-phase,true,"Receiving lab (main applicant) and transferring lab (co-applicant), both at a Dutch research organisation; may be at the same institution if in different departments.",Unknown,"Small grants of up to €30,000 for up to 12 months to transfer animal-free methods (New Approach Methodologies such as organ-on-chip systems and organoids) between a transferring lab and a receiving lab at Dutch research organisations. Each partner must account for at least 20% of the budget. Applications are assessed in order of arrival until 30 March 2027, and the call may close early if the money runs out.",https://www.zonmw.nl/en/subsidy/nam-collaboration-grant-2026,2026-10-09,2026-10-09
240,Critical Pathways Community Fund 2027 (Pathways to Sustainability),Utrecht University – Pathways to Sustainability,Local,University (internal),Project grant,Upcoming,,2027-03-31,false,Application,,5000,EUR,Master; PhD; Postdoc; Early career; Mid career; Senior/PI,Sustainable pharmacy & planetary health; Open (any discipline),,1-phase,false,,Several rounds per year,"Small fund from the Critical Pathways community (part of UU Pathways to Sustainability) for initiatives that strengthen the community, involve other members and encourage interdisciplinary exchange. Any UU employee or student can be the main applicant, and research or admin assistance can be covered. Each round has €5,000 in total. In 2026 there were three rounds (31 March, 18 June, 7 October); no 2027 dates are published yet, so the date shown is estimated.",https://www.uu.nl/en/research/sustainability/critical-pathways/funding/critical-pathways-community-fund,2026-10-09,2026-10-09
286,FIP Social & Administrative Pharmacy Section (SAPS) Congress Attendance Grant 2027,FIP,International,Society / association,Travel / mobility,Upcoming,,2027-03-31,false,Application,,,EUR,PhD; Postdoc; Early career,Pharmacy practice & clinical pharmacy; Pharmaceutical policy & access; Medication adherence & self-management,,1-phase,false,,Annual,"Grant from FIP's Social & Administrative Pharmacy Section to attend the FIP World Congress, for SAPS members, particularly early-career pharmacists and those from LMICs. For FIP 2026 the deadline was 31 March 2026; the 2027 round is not yet announced, so the deadline is estimated at 31 March 2027. Amount not stated.",https://montreal2026.fip.org/registration-fees/registration/grants-and-fellowships,2026-10-10,2026-10-10
20,Trailblazers Fund / Baanbrekersfonds 2027,KNAW,National,Public research funder,Personal fellowship,Upcoming,,2027-04-01,false,Application,5000,10000,EUR,PhD; Postdoc; Early career,Open (any discipline),,1-phase,false,,Annual,"2026 round closed 29 April 2026. Next round expected spring 2027 (deadline TBC). For early-career first-generation academics. €5,000 (PhD) or €10,000 (postdoc/assistant professor) for professional development and network building. ~25% success rate.",https://www.knaw.nl/fondsen-en-prijzen/knaw-baanbrekersfonds-eerstegeneratiewetenschappers,2026-01-01,
157,Jan Prins Proefschriftprijs 2026 (antibiotic stewardship),SWAB,National,Society / association,Prize / stipend,Upcoming,,2027-04-01,true,Application,1000,1000,EUR,PhD,Drug utilisation & appropriate use; Antimicrobial resistance & One Health; Drug safety & pharmacovigilance,Infectious disease,1-phase,false,,Annual,"€1,000 prize for an innovative, impactful PhD dissertation on antimicrobial resistance, antimicrobial stewardship or antibiotic policy. Eligibility: defended at a Dutch university between 1 Jan 2025 and 1 Jan 2026. Submission closed 1 April 2026. Winner will be announced at the SWAB Symposium (25 June 2026). Next round expected early 2027.",https://www.knmp.nl/actueel/nieuws/proefschriften-over-antibioticabeleid-maken-kans-op-jan-prins-proefschriftprijs-2026,2026-04-17,
237,Wellcome Climate Impacts Awards 2027,Wellcome,International,Charity / foundation,Project grant,Upcoming,,2027-04-08,false,Application,,2500000,GBP,Mid career; Senior/PI,Sustainable pharmacy & planetary health; Global health,,1-phase,true,Transdisciplinary team incl. stakeholders who can drive climate action,Annual,"Up to GBP 2.5M over up to 3 years for transdisciplinary teams that make the health effects of climate change visible to people who can drive climate action (about 10-15 awards per round). The administering organisation can be a not-for-profit anywhere except mainland China. The last round closed on 8 April 2026, and Wellcome has not yet published the next key date. The deadline shown is an estimate (2026 date + 1 year).",https://wellcome.org/research-funding/schemes/climate-impacts-awards-unlocking-urgent-climate-action-making-health-2,2026-10-09,2026-10-09
262,SoTL Grants – Spring 2027 round (Scholarship of Teaching and Learning),Utrecht University – Centre for Academic Teaching and Learning,Local,University (internal),Project grant,Upcoming,,2027-04-09,false,Application,,10000,EUR,PhD; Postdoc; Early career; Mid career; Senior/PI,Education & training,,1-phase,false,,Several rounds per year,"Small grants (max €10,000; max €5,000 for researcher hours) for systematic, research-informed study of one's own teaching practice. Open to all UU teachers. Two rounds a year; the page lists 'Spring 2027: 9 April' (and autumn 2026: 2 Oct, now passed). Year stated per round label but the page says to check the call for exact dates, so marked unconfirmed.",https://www.uu.nl/en/education/centre-for-academic-teaching-and-learning/educational-scholarship/scholarship-of-teaching-and-learning/advice-and-support/sotl-grants,2026-10-10,2026-10-10
233,MSCA Staff Exchanges 2027,European Commission – MSCA,European,EU programme,Consortium / network,Upcoming,2026-12-15,2027-04-15,false,Application,,,EUR,PhD; Postdoc; Early career; Mid career; Senior/PI,Pharmacoepidemiology & real-world evidence; Clinical pharmacology & therapeutics; Education & training,,1-phase,true,"Min. 3 independent entities in 3 different countries, at least 2 in different EU/associated countries; academic and non-academic sectors",Annual,"Funds short-term international and intersectoral secondments (1-12 months) of research, technical and administrative staff within joint R&I projects. The 2027 call has an indicative budget of EUR 95.04M. The consortium needs at least three entities in three different countries and both academic and non-academic partners. The MSCA site gives indicative dates of 15 December 2026 (opening) and 15 April 2027 (deadline), both still to be confirmed; FFG lists 13 April 2027, so check the portal.",https://marie-sklodowska-curie-actions.ec.europa.eu/calls/msca-staff-exchanges-2027,2026-10-09,2026-10-09
228,IHI Call 14 (expected),Innovative Health Initiative (IHI),European,EU programme,Consortium / network,Upcoming,,2027-04-21,false,Application,,,EUR,Mid career; Senior/PI,Valorisation & public-private; Clinical trials & drug development; Regulatory science,,Unknown,true,Public-private consortium including industry partners,Periodic,"The Innovative Health Initiative publishes public-private calls about twice a year. Call 12 was single-stage with a 21 April 2026 deadline, and Call 13 had a stage 1 deadline of 8 October 2026. Call 14 has not been announced and no draft topics are published yet. The deadline shown is an estimate based on the spring pattern; draft topics usually appear on IHI's Future opportunities page a few months before launch.",https://www.ihi.europa.eu/apply-funding/future-opportunities,2026-10-09,2026-10-09
238,CARB-X 2027 Funding Round – Antibacterial Products (expected),CARB-X,International,Public-private,Project grant,Upcoming,,2027-04-22,false,Expression of interest,,,EUR,Mid career; Senior/PI,Antimicrobial resistance & One Health; Clinical trials & drug development,Infectious disease,2-phase,false,,Annual,"CARB-X funds early-stage development of antibacterial therapeutics, preventives and diagnostics through themed funding rounds. In 2026, expressions of interest were open from 8 to 22 April for four themes (Gram-negative therapeutics, novel chemistry, neonatal sepsis prevention and neonatal sepsis diagnostics). No 2027 round has been announced. The deadline shown is an estimate (2026 date + 1 year).",https://carb-x.org/,2026-10-09,2026-10-09
218,BRAINS 2027 PPS Call – Brain Research Collaboration,BRAINS Partnership (Hersenstichting et al.),National,Charity / foundation,Consortium / network,Upcoming,,2027-04-24,false,Pre-proposal,,,EUR,Mid career; Senior/PI,Clinical trials & drug development; Valorisation & public-private,Neurology & dementia; Mental health,2-phase,true,Public-private partnership required,Annual,"Public-private consortium call from five Dutch brain health funds with Health~Holland, part of a 10-year programme (EUR 15M) on cross-disorder problems such as drug delivery across the blood-brain barrier, connected neurotech and human brain models. A 2027 call has not been announced; the date shown is projected from the 2026 pre-proposal deadline (24 Apr 2026) and is not confirmed.",https://www.hersenstichting.nl/over-ons/brains/,2026-10-09,2026-10-09
106,FIP World Congress 2027 – Travel Scholarships (expected),FIP,International,Society / association,Travel / mobility,Upcoming,,2027-05-01,false,Application,1000,3000,EUR,PhD; Postdoc; Mid career,Pharmacy practice & clinical pharmacy; Pharmaceutical policy & access,,1-phase,false,,Annual,Congress travel scholarships (typically six) for the next FIP World Congress of Pharmacy and Pharmaceutical Sciences (2027). The 2026 Montreal round has closed. The 2027 congress grants/scholarships page is not yet live; deadline expected spring 2027 (TBC). Includes a Leadership Development Workshop.,https://www.fip.org/,2026-04-09,
168,"ISPOR 2027 Conference Travel Grants (Student, Member, Patient)",ISPOR,International,Society / association,Travel / mobility,Upcoming,,2027-05-01,false,Application,500,3000,USD,Master; PhD; Postdoc; Early career,HTA & health economics; Drug utilisation & appropriate use; Pharmacoepidemiology & real-world evidence,,1-phase,false,ISPOR membership required,Annual,"ISPOR 2027 travel grants: Student, Member, and Patient Representative Travel Grants; includes complimentary registration and travel reimbursement. The 2026 round has closed. 2027 applications expected to open early 2027 (deadline TBC). Directly relevant for pharmacoepi, HTA and health-economics researchers.",https://www.ispor.org/about/awards-grants/ispor-conference-grants,2026-04-18,
235,FIP Hospital Pharmacy Section (HPS) Research Grant 2027,FIP Foundation,International,Society / association,Project grant,Upcoming,2027-03-01,2027-05-01,false,Application,,3000,EUR,Early career; Mid career,Pharmacy practice & clinical pharmacy; Drug safety & pharmacovigilance; Antimicrobial resistance & One Health,,1-phase,false,,Annual,"A small grant (up to EUR 3,000 per project in 2026) for research led by FIP Hospital Pharmacy Section members on putting the revised Basel Statements into practice. Patient safety, antimicrobial stewardship and competency development get priority, and overheads are not allowed. The 2026 round ran from 1 March to 1 May 2026. No 2027 round has been announced yet; the dates shown are estimates from the 2026 cycle.",https://www.fipfoundation.org/fip-hospital-pharmacy-section-hps-grants/,2026-10-09,2026-10-09
236,BPS-FIP Foundation Collaborative Research Grant 2027,FIP Foundation / BPS,International,Society / association,Project grant,Upcoming,2027-03-01,2027-05-01,false,Application,,5000,EUR,Early career; Mid career,Pharmacy practice & clinical pharmacy; Education & training,,1-phase,false,,Annual,"A single grant of up to EUR 5,000 from the Board of Pharmacy Specialties, run through the FIP Foundation, for investigators based outside the US. It funds studies on how pharmacist board certification affects patient outcomes, health systems, interprofessional collaboration or pharmacist employment and wellbeing. BPS says the next call will be announced in March 2027. The 1 May deadline is an estimate based on the 2026 round (3 March to 1 May 2026).",https://bpsweb.org/bps-fip-foundation-research-grant/,2026-10-09,2026-10-09
243,EACPT 2027 Congress (Lille) – Travel Grants,EACPT,European,Society / association,Travel / mobility,Upcoming,,2027-05-05,false,Application,,500,EUR,Master; PhD,Clinical pharmacology & therapeutics; Education & training,,1-phase,false,,Biennial,"EACPT gives travel grants of up to €500 to students, PhD candidates and specialist trainees with an accepted abstract at its biennial congress. EACPT 2027 is in Lille, France, on 26–29 June 2027. For the 2025 Helsinki congress the deadline was 5 May 2025. The 2027 call is not yet published, so the date shown is estimated.",https://eacpt.org/2025/04/23/%F0%9F%8C%8D-want-to-attend-eacpt-2025-in-helsinki-but-need-travel-support/,2026-10-09,2026-10-09
274,Trombosestichting Research Grant Round 2027 (expected),Trombosestichting Nederland,National,Charity / foundation,Project grant,Upcoming,,2027-05-05,false,Pre-proposal,,300000,EUR,Mid career; Senior/PI,Pharmacoepidemiology & real-world evidence; Clinical pharmacology & therapeutics; Drug safety & pharmacovigilance,Cardiovascular,2-phase,false,,Annual,"Regular research grants up to €300,000 (max 4 years) on causes, prevention or treatment of venous/arterial thrombosis (bleeding only if related to thrombosis or its treatment). Pre-application first, top-ranked invited to full application. 2026 pre-application deadline was Wed 6 May 2026 09:00; 2027 expected similar (estimated).",https://www.trombosestichting.nl/wp-content/uploads/2025/12/TSN-Algemene-richtlijnen-subsidierondes-2026_dec-2025_def.pdf,2026-10-10,2026-10-10
276,KNAW Ter Meulen Grant 2027 (paediatrics working visit abroad),KNAW,National,Public research funder,Travel / mobility,Upcoming,2027-02-01,2027-05-05,false,Application,,35000,EUR,PhD; Postdoc,Clinical pharmacology & therapeutics; Drug utilisation & appropriate use,,1-phase,true,Host institution abroad,Annual,"Up to €35,000 per year for a working visit to a foreign university/institute by PhD candidates or researchers (PhD ≤4 years ago) in paediatric medicine or related areas, from a Dutch institution. KNAW: applications open 1 Feb 2027. 2026 deadline was 6 May 2026; 2027 deadline estimated.",https://www.knaw.nl/en/funds-and-prizes/academy-ter-meulen-grant,2026-10-10,2026-10-10
271,ZonMw GGG Implementatie Ronde 4 (expected),ZonMw,National,Public research funder,Project grant,Upcoming,,2027-05-14,false,Application,,,EUR,Postdoc; Early career; Mid career; Senior/PI,Implementation & health services; Drug utilisation & appropriate use,,Unknown,false,,Periodic,"Fourth GGG implementation round, listed by ZonMw as expected with opening 'to be determined'. Round 3 closed 15 May 2026 (4 applications; decision mid-Oct 2026). Deadline set to previous round + 1 year as placeholder; not announced.",https://www.zonmw.nl/nl/artikel/stand-van-zaken-ggg-subsidierondes,2026-10-10,2026-10-10
101,ERC Synergy Grant 2027,ERC,European,EU programme,Consortium / network,Upcoming,,2027-05-15,false,Application,6000000,10000000,EUR,Mid career; Senior/PI,Open (any discipline); Pharmacoepidemiology & real-world evidence; Clinical pharmacology & therapeutics,,1-phase,true,"2-4 PIs from different research groups, complementary expertise required",Annual,"For groups of 2-4 PIs with complementary skills to tackle ambitious research problems. Up to €10M for 6 years (+€4M for relocation/equipment). 2026 round received record 957 proposals. 2027 round RESCHEDULED: opening moved to February 2027, deadline May 2027 (confirmed by ERC). Bottom-up: any research topic. Stricter resubmission restrictions in 2027. Excellent fit for cross-disciplinary pharmacoepi/HTA/data science collaborations.",https://erc.europa.eu/apply-grant/synergy-grant,2026-04-02,
165,Joint EPHAR–EACPT Young Investigator Awards in Translational Pharmacology,EACPT / EPHAR,European,Society / association,Prize / stipend,Upcoming,,2027-05-15,false,Application,1000,1000,EUR,PhD; Postdoc; Early career,Clinical pharmacology & therapeutics,,1-phase,false,EACPT or EPHAR affiliation,Biennial,"Two awards of €1,000 each for young scientists with an outstanding translational pharmacology publication in the preceding two years. Awarded at the EACPT Congress; 2025 awards presented in Helsinki. Next EACPT Congress cycle expected 2027. Fits clinical pharmacology PhDs and early-career postdocs.",https://eacpt.org/,2026-04-17,
166,FIP / IPSF Early-Career Congress Grant (FIP 2027),FIP,International,Society / association,Prize / stipend,Upcoming,,2027-05-15,false,Application,500,1500,EUR,Master; PhD; Early career,Education & training,,1-phase,false,ECPG or IPSF membership,Annual,"Up to €1,500 per awardee toward transport, accommodation and registration for the FIP World Congress of Pharmacy and Pharmaceutical Sciences. Targeted at ECPG / IPSF members. The 2026 Montreal round has closed; the 2027 congress-grant page is not yet live, deadline expected spring 2027 (TBC).",https://www.fip.org/,2026-04-17,
239,Pathways to Sustainability Incubator Grants 2027,Utrecht University – Pathways to Sustainability,Local,University (internal),Project grant,Upcoming,,2027-05-20,false,Application,,8000,EUR,Postdoc; Early career; Mid career; Senior/PI,Sustainable pharmacy & planetary health; Open (any discipline),,1-phase,true,Active UU scholars from multiple disciplines and at least two faculties; external partners optional,Annual,"Annual UU Pathways to Sustainability grant for interdisciplinary teams (UU scholars from at least two faculties, external partners welcome) to build a community and develop a new sustainability idea over 12 months. Teams get up to €8,000, paid in two tranches; at most five grants a year, and awardees must attend a Kickstarter workshop. Incubator teams can later apply for a Signature Project Grant (from 2027 up to three a year, max €125,000 each). PtS expects the next round in spring 2027. The date shown is estimated from the 2026 deadline (20 May 2026).",https://www.uu.nl/en/research/sustainability/funding-opportunities/incubator-grants,2026-10-09,2026-10-09
224,ICRPA 2027 – International Cardiovascular Research Partnership Awards (expected),Hartstichting (Dutch Heart Foundation),National,Charity / foundation,Consortium / network,Upcoming,,2027-05-27,false,Application,,500000,EUR,Mid career,Pharmacoepidemiology & real-world evidence; Drug safety & pharmacovigilance,Cardiovascular,1-phase,true,"At least 3 independent mid-career PIs from different participating countries (France, Germany, Netherlands, Spain, UK)",Annual,"Joint call from the BHF, Dutch Heart Foundation, DZHK, Lefoulon-Delalande Foundation, CNIC and CIBER-CV for future leaders in cardiovascular research. Each project is co-led by at least three independent mid-career PIs in different participating countries, and each funder pays its own country's share (up to €/£500,000 each, €400,000 for DZHK) for up to 4 years. The 2026 round (the 8th) closed 27 May 2026. A 2027 round has not been announced, so the deadline is estimated and is not confirmed.",https://www.bhf.org.uk/for-professionals/information-for-researchers/what-we-fund/partnership-funding/icrpa,2026-10-09,2026-10-09
129,ZonMw Open Competition M – Mid-Career Pilot (2027),ZonMw,National,Public research funder,Project grant,Upcoming,,2027-06-01,false,Application,,400000,EUR,Mid career,Pharmacoepidemiology & real-world evidence; Clinical pharmacology & therapeutics; Drug safety & pharmacovigilance; HTA & health economics,,1-phase,false,,One-off,"ZonMw pilot Open Competition M (OC-M) for mid-career researchers doing independent, curiosity-driven fundamental (bio)medical research in any discipline; max EUR 400,000 per project. The first round opens in spring 2027 (pilot rounds in 2027 and 2029, alternating with OC-L), with the call text expected in early 2027. Deadline not yet known. The date shown is a placeholder for the end of spring 2027 until ZonMw publishes the call.",https://www.zonmw.nl/en/news/pilot-zonmw-open-competition-m-mid-career-researchers-starts-2027,2026-04-11,2026-10-09
147,NNF Project Grants in Endocrinology & Metabolism 2027,Novo Nordisk Foundation,International,Charity / foundation,Project grant,Upcoming,,2027-06-04,false,Application,,4500000,DKK,Senior/PI; Mid career,Pharmacoepidemiology & real-world evidence; Drug safety & pharmacovigilance; Drug utilisation & appropriate use,Diabetes & metabolic; Cardiovascular,1-phase,false,,Annual,"Novo Nordisk Foundation project grants for basic, clinical and translational research in endocrinology and metabolism: up to DKK 4.5M over 1–3 years (max DKK 1.5M per year); the 2026 round had a DKK 103M pool, with DKK 11M earmarked for hormone regulation in women's health. The main applicant must be an experienced independent researcher at a non-profit institution in Denmark, Finland, Iceland, Norway or Sweden; co-applicants are not allowed and salary for the grantee is not covered. The 2026 call ran 8 April–4 June 2026, and the next call is expected in April 2027. Relevant via Nordic collaborators for diabetes/cardiometabolic drug research.",https://novonordiskfonden.dk/en/grant/,2026-04-17,2026-10-10
149,ACPE 2026 Melbourne – Travel Scholarships,ISPE / ACPE,International,Society / association,Travel / mobility,Upcoming,,2027-06-12,false,Application,500,2000,USD,PhD; Postdoc; Early career,Pharmacoepidemiology & real-world evidence; Drug safety & pharmacovigilance,,1-phase,false,,Annual,"ISPE travel scholarships to attend the Asian Conference on Pharmacoepidemiology (ACPE), useful for early-career pharmacoepidemiologists who want to present and network in the Asia-Pacific region. The 18th ACPE takes place 30 Oct–1 Nov 2026 in Melbourne; its scholarship round (deadline 12 Jun 2026) has closed. ISPE has not yet announced a 2027 ACPE host or dates, so the June 2027 deadline is an estimate based on the 2026 cycle.",https://www.asianpharmacoepi.org/scholarships/,2026-04-17,
19,KNAW Van Walree Fund 2027,KNAW,National,Public research funder,Travel / mobility,Upcoming,2027-03-15,2027-06-15,false,Application,1000,10000,EUR,PhD; Postdoc; Early career,Open (any discipline),,1-phase,false,,Annual,"KNAW fund of up to €10,000 for medical scientific researchers in medical, biomedical or health sciences at a university or research institute in the Kingdom of the Netherlands. Since 2023 it supports sustainable, innovative and internationally accessible knowledge sharing between medical researchers. The 2027 round opens 15 March 2027; KNAW has not yet published the closing date, so 15 June 2027 is estimated from the 2026 deadline (15 Jun 2026).",https://www.knaw.nl/en/science-funds/knaw-van-walree-fund,2026-01-01,2026-10-10
139,EULAR-ACR Research Exchange Programme 2027,EULAR / ACR,European,Society / association,Travel / mobility,Upcoming,,2027-06-19,false,Application,,,EUR,Postdoc; Early career,Clinical pharmacology & therapeutics; Pharmacoepidemiology & real-world evidence,Rheumatology & immunology,1-phase,false,,Annual,Reciprocal short exchange between EULAR and the American College of Rheumatology: selected early-career rheumatology researchers join the partner society's congress and a structured institution visit/workshop. European applicants apply via EULAR and need a non-tenured faculty post (assistant professor or below) in a EULAR country; they receive a travel stipend (amount not published) and pay any other costs. The 2024 European call closed 19 June 2024 for a November exchange in the US. ACR says details for the 2027 programme are still to be announced. Useful for building transatlantic networks on DMARD/biologic safety research.,https://rheumatology.org/meetings/acr-eular-research-exchange-program/,2026-04-14,2026-10-10
268,ZonMw GGG – Extramurale Farmaceutische Zorg Ronde 2 (expected 2027),ZonMw,National,Public research funder,Project grant,Upcoming,,2027-06-30,false,Application,,320000,EUR,Postdoc; Early career; Mid career; Senior/PI,Pharmacy practice & clinical pharmacy; Drug utilisation & appropriate use; Implementation & health services,,Unknown,false,Collaboration between primary-care parties encouraged (round 1),Periodic,"Expected second round of the GGG 'Extramurale Farmaceutische Zorg' call (primary-care pharmaceutical care: pharmacists, GPs, district nursing, social domain). ZonMw lists opening 'first half 2027'. Round 1 (opened 18 Dec 2025, deadline 3 Mar 2026) had €5.41M; phase 1 pilots up to €125k/12 mo, phase 2 practice evaluations up to €320k/24 mo. Deadline is a placeholder; not yet announced.",https://www.zonmw.nl/nl/artikel/stand-van-zaken-ggg-subsidierondes,2026-10-10,2026-10-10
269,"ZonMw GGG – Vrouwspecifieke farmacotherapie (female-specific pharmacotherapy, expected 2027)",ZonMw,National,Public research funder,Project grant,Upcoming,,2027-06-30,false,Application,,,EUR,Postdoc; Early career; Mid career; Senior/PI,Clinical pharmacology & therapeutics; Pharmacoepidemiology & real-world evidence; Drug safety & pharmacovigilance,Women's health,Unknown,false,,New programme,"New GGG round on female-specific pharmacotherapy announced as expected, opening first half 2027. No budget or deadline yet published; deadline is a placeholder pending the call text.",https://www.zonmw.nl/nl/artikel/stand-van-zaken-ggg-subsidierondes,2026-10-10,2026-10-10
270,"ZonMw GGG – Dosisoptimalisatiestudies (dose-optimisation studies, expected 2027)",ZonMw,National,Public research funder,Project grant,Upcoming,,2027-06-30,false,Application,,,EUR,Postdoc; Early career; Mid career; Senior/PI,Clinical pharmacology & therapeutics; Clinical trials & drug development; HTA & health economics,,Unknown,false,,New programme,"New GGG round for dose-optimisation studies (e.g. lower/alternative dosing of existing drugs), expected to open first half 2027. No budget or deadline published yet; deadline is a placeholder.",https://www.zonmw.nl/nl/artikel/stand-van-zaken-ggg-subsidierondes,2026-10-10,2026-10-10
189,KNAW Early Career Award 2027,KNAW,National,Public research funder,Prize / stipend,Upcoming,2027-04-01,2027-07-01,false,Nomination,15000,15000,EUR,Postdoc; Early career,Open (any discipline),,1-phase,false,,Annual,"KNAW Early Career Award: up to 12 awards per year (max. 3 per Academy domain) of €15,000 plus a work of art, for researchers 3–7 years post-PhD who do not yet hold an associate/full professor or equivalent position. Candidates must be nominated by KNAW/Young Academy members, full professors at a Dutch university or directors of Dutch research institutes. The 2027 nomination round opens 1 April 2027; the closing date is not yet published, so 1 July 2027 is estimated from the 2026 round (1 Jul 2026).",https://www.knaw.nl/en/science-funds/knaw-early-career-award,2026-05-28,2026-10-10
216,Longfonds-Swierenga Grant 2027 – Rare Lung Disease Research,Longfonds,National,Charity / foundation,Project grant,Upcoming,,2027-07-03,false,Application,,50000,EUR,Postdoc; Early career,Rare diseases & orphan drugs; Pharmacoepidemiology & real-world evidence,Respiratory,1-phase,false,,Annual,"Up to EUR 50,000 for a one-year project by an early-career researcher (PhD or confirmed defence date; also clinicians/nurses with research track record) at a Dutch institution, on rare pulmonary diseases only (asthma, COPD and lung cancer excluded). Longfonds states the 2027 call opens in April 2027 (offered annually 2025-2029); the deadline shown is projected from the 2026 round (3 Jul 2026) and not confirmed.",https://research.longfonds.nl/swierenga-longfonds-grant,2026-10-09,2026-10-09
113,Longfonds Junior Investigator Grant 2027 (expected),Longfonds,National,Charity / foundation,Personal fellowship,Upcoming,,2027-07-14,false,Full proposal,100000,250000,EUR,Postdoc; Early career,Drug safety & pharmacovigilance; Pharmacoepidemiology & real-world evidence,Respiratory,2-phase,false,,Annual,"Longfonds Junior Investigator Grants: in 2026 three grants of up to €250,000 over three years (one CPBT grant linked to Ombion's Asthma & COPD transition project) for researchers within five years of their PhD. Two-stage procedure (pre-application, then full proposal); patient involvement is required. The 2026 round closed (full proposals due 14 Jul 2026, awards 16 Dec 2026); no 2027 round is announced, so 14 Jul 2027 is estimated from the 2026 full-proposal deadline, with a pre-application stage expected in spring.",https://research.longfonds.nl/subsidies/jong-talent,2026-04-09,2026-10-10
209,Science for Industry Call 2027,Health~Holland (TKI LSH),National,Public research funder,Consortium / network,Upcoming,,2027-07-14,false,Registration,500000,1200000,EUR,Mid career; Senior/PI,Valorisation & public-private; Clinical trials & drug development; Open (any discipline),,2-phase,true,Min. 1 Dutch for-profit company (lead applicant) + 1 Dutch research organisation; co-financing required,Annual,"Health~Holland PPP call for collaborations led by a Dutch company with at least one Dutch research organisation; the 2026 round offered at least EUR 5M in total and EUR 0.5-1.2M PPP subsidy per project, with mandatory pre-registration. A 2027 round has not been announced; the date shown is projected from the 2026 pre-registration (14 Jul 2026; full application 22 Sep 2026) and is not confirmed.",https://www.health-holland.com/calls/science-for-industry-call,2026-10-09,2026-10-09
181,Prix Galien Bridges 2027 – Nordic+ Innovation Awards (incl. Netherlands),Prix Galien Bridges,International,Charity / foundation,Prize / stipend,Upcoming,,2027-07-31,false,Application,,,EUR,Mid career; Senior/PI,Clinical trials & drug development,,1-phase,false,,Annual,"Galien Foundation awards recognising biopharma and medtech innovation in the Nordic countries and five 'Nordics+' partner markets, including the Netherlands. Categories include Best Biotech & Pharma Product, Best Medical Technology/AI, Best Product for Rare/Orphan Diseases, Best Public Sector Innovation, Best Bridge-Builder Institution and (from 2026) Best Enabling Technology; it honours products and institutions and no cash prize is stated. The 2026 nomination deadline was extended to 15 Sep 2026 (ceremony 1 Dec 2026, Stockholm); the 2027 cycle is not announced, so the July 2027 date is an estimate based on the original 2026 deadline.",https://www.galienfoundation.org/prix-galien-bridges,2026-05-11,2026-10-10
210,Open Competition Domain Science – M 2026/2027,NWO,National,Public research funder,Project grant,Rolling,,2027-07-31,false,No fixed deadline,,,EUR,Mid career; Senior/PI,Open (any discipline); Pharmacoepidemiology & real-world evidence; Clinical pharmacology & therapeutics; Data science & AI,,1-phase,false,,Annual,NWO's continuous open competition for curiosity-driven research in the Science domain. The 2026/2027 round was expected to open in August 2026 and closes when 420 proposals are reached (assessed in five packages) or at the latest on 31 July 2027; new restrictions apply to applicants with ongoing NWO/ZonMw projects. In the previous round grants were up to EUR 400k (single applicant) or EUR 800k (with co-applicant); verify current amounts on the call page.,https://www.nwo.nl/en/calls/open-competition-domain-science-m-2026/2027,2026-10-09,2026-10-09
160,KNAW Van Leersum Beurs (research visit abroad – pharmacy/neurology/radiology),KNAW,National,Public research funder,Prize / stipend,Upcoming,2027-05-01,2027-08-03,false,Application,1800,9000,EUR,PhD; Postdoc; Early career,Pharmacy practice & clinical pharmacy,,1-phase,false,Host at a foreign university/institute,Annual,"KNAW Van Leersum Grant for a working visit to a foreign university or institute by PhD candidates or researchers within four years of their PhD in pharmacy, neurology or radiology, applying from a Dutch university. The 2026 round closed 3 August 2026. The 2027 round opens 1 May 2027; the closing date is not yet published, so 3 August 2027 is estimated from the 2026 deadline.",https://www.knaw.nl/en/science-funds/knaw-van-leersum-grant,2026-04-17,2026-10-10
88,RECRUIT Programme 2027 – International Recruitment Grants (expected),Novo Nordisk Foundation,International,Charity / foundation,Personal fellowship,Upcoming,,2027-08-12,false,Nomination,10000000,55000000,DKK,Mid career; Senior/PI,Open (any discipline); Data science & AI; Pharmacoepidemiology & real-world evidence,,1-phase,false,,Annual,"Novo Nordisk Foundation RECRUIT grants (up to DKK 55M for up to 7 years) to recruit outstanding international researchers to Danish universities, with separate Sabbatical (DKK 1M, 1 year) and Extension (DKK 10M, 5 years) grants. Candidates must be nominated by the recruiting Danish university, so this is not open to Utrecht-based applicants directly. The 2026 call (opened 5 May 2026) closed 12 Aug 2026; the 12 Aug 2027 date is estimated from that cycle.",https://novonordiskfonden.dk/en/grant/recruit-grants-for-international-recruitment-2026/,2026-04-01,2026-10-10
170,NNF RECRUIT – Grants for International Recruitment 2027,Novo Nordisk Foundation,International,Charity / foundation,Personal fellowship,Upcoming,,2027-08-12,false,Nomination,,55000000,DKK,Mid career; Senior/PI,Open (any discipline); Data science & AI; Pharmacoepidemiology & real-world evidence,,1-phase,false,,Annual,"RECRUIT grants (up to DKK 55M over up to 7 years) help Danish universities recruit international researchers at assistant, associate or full professor level; Sabbatical (up to DKK 1M) and Extension (up to DKK 10M) grants are part of the same call. Universities nominate candidates within a quota, and only nominees apply; the scope is natural and technical sciences, interdisciplinary research, and biotechnology/sustainability, so health research fits poorly. The 2026 call ran 5 May–12 August 2026 (the 2025 call closed 4 March 2025), and NNF says calls recur but has not published 2027 dates.",https://novonordiskfonden.dk/en/grant/recruit-grants-for-international-recruitment-2026/,2026-04-20,2026-10-10
196,ERC Advanced Grant 2027,ERC,European,EU programme,Personal fellowship,Upcoming,2027-05-27,2027-08-26,true,Application,2500000,2500000,EUR,Senior/PI,Open (any discipline); Pharmacoepidemiology & real-world evidence; Clinical pharmacology & therapeutics,,1-phase,false,,Annual,"ERC Advanced Grant 2027 (Work Programme 2027) for established research leaders with a strong track record, in any field, hosted in an EU Member State or associated country. Up to €2.5M over 5 years, plus up to €1M for start-up costs/major equipment and up to €2M extra for PIs moving from a non-associated third country. Call opens 27 May 2027; deadline 26 August 2027. Successor to the 2026 round (ID 25).",https://erc.europa.eu/apply-grant/advanced-grant,2026-08-31,2026-10-10
55,FIP Foundation & ECPG Innovation Research Grant,FIP Foundation,International,Society / association,Project grant,Open,,2027-09-01,false,Application,1000,1000,EUR,Postdoc; Early career,Pharmacy practice & clinical pharmacy; Open (any discipline); Drug utilisation & appropriate use,,1-phase,false,,Annual,"FIP Foundation and Early Career Pharmaceutical Group grant of €1,000 to implement an innovative project, plus complimentary registration, return airfare and hotel for the next FIP World Congress once a project report is accepted. Open to early-career pharmacists and pharmaceutical scientists who are ECPG members, in any field of pharmacy with a focus on innovation in practice or clinically applicable science. FIP Foundation lists applications as open, but no closing date is published; the 2027-09-01 date is a placeholder.",https://www.fip.org/grants-and-scholarships-for-ecpg-members,2026-04-01,2026-10-10
102,Nierstichting–Health~Holland PPS Call (last round 2024),Nierstichting (Dutch Kidney Foundation),National,Charity / foundation,Consortium / network,Upcoming,,2027-09-01,false,Pre-proposal,,700000,EUR,Mid career; Senior/PI,Drug safety & pharmacovigilance; Valorisation & public-private; Clinical trials & drug development; Pharmacoepidemiology & real-world evidence,Renal,2-phase,true,Public-private partnership required with industry partner,Periodic,"Joint Nierstichting and Health~Holland call for public-private kidney research projects (TRL4+) fitting the KIA 2024–2027 Health & Care missions. The 2024 round had €1.4M for two projects (max €500k PPS subsidy + €200k Nierstichting cash each), with pre-proposals due 12 Jun 2024 and full proposals by invitation. No 2025, 2026 or 2027 round has been announced; the 2027-09-01 date is a placeholder.",https://nierstichting.nl/professionals/wetenschappelijk-onderzoek/calls-proposals/nierstichting-healthholland-ppp-call-2024/,2026-04-02,2026-10-10
178,Veni – Science Domain 2027,NWO,National,Public research funder,Personal fellowship,Upcoming,,2027-09-01,false,Pre-proposal,320000,320000,EUR,Postdoc; Early career,Pharmacoepidemiology & real-world evidence; Clinical pharmacology & therapeutics; Open (any discipline),,2-phase,false,,Annual,"NWO Veni gives up to €320,000 for 3 years to researchers who obtained their PhD within roughly the last three years, to develop their own research line. The 2026 Science-domain round closed for pre-proposals on 1 September 2026; full proposals are due 26 January 2027 (invited applicants only), and a pilot with an expanded research-idea section is in its second run. The next (2027) round is expected to follow the same annual cycle, with pre-proposals around 1 September 2027; NWO has not yet published dates. For pharmacoepidemiology, the ZonMw-domain Veni may be the better fit.",https://www.nwo.nl/en/researchprogrammes/nwo-talent-programme,2026-04-28,2026-10-10
226,ERC Plus Grant 2027,ERC,European,EU programme,Personal fellowship,Upcoming,2027-06-01,2027-09-01,true,Application,,7000000,EUR,Early career; Mid career; Senior/PI,Open (any discipline); Pharmacoepidemiology & real-world evidence; Clinical pharmacology & therapeutics,,2-phase,false,,Annual,"Second round of the ERC Plus Grant: up to €7M per project for transformative, high-ambition research, open to PIs at any career stage. ERC Work Programme 2027 gives ERC-2027-PLUS a provisional opening of 1 June 2027 and a deadline of 1 September 2027, with a budget of €210M and about 30 grants.",https://erc.europa.eu/apply-grant/erc-plus-grant,2026-10-09,2026-10-09
229,EU4Health 2027 Work Programme – Action Grants incl. Conference Grants (expected),EU4Health,European,EU programme,Project grant,Upcoming,,2027-09-01,false,Application,,,EUR,Mid career; Senior/PI,Pharmaceutical policy & access; Implementation & health services; Drug utilisation & appropriate use,,1-phase,false,,Work programme cycle,"The Commission is preparing the EU4Health 2027 work programme, the last under the 2021-2027 programme. A targeted consultation ran until 12 June 2026 around five strands: crisis preparedness, health promotion and prevention, health systems and workforce, digital transformation, and cancer, cardiovascular and other NCDs. Calls, including the recurring high-level conference grants, are expected in 2027. No calls or dates are published yet, so the deadline is an estimate.",https://hadea.ec.europa.eu/programmes/eu4health_en,2026-10-09,2026-10-09
70,Exploratory Interdisciplinary Synergy Programme 2027 (expected),Novo Nordisk Foundation,International,Charity / foundation,Project grant,Upcoming,,2027-09-03,false,Application,2000000,6800000,DKK,Early career; Mid career; Senior/PI,Open (any discipline); Data science & AI; Pharmacoepidemiology & real-world evidence; Sustainable pharmacy & planetary health,,1-phase,true,Interdisciplinary team required,Annual,"Novo Nordisk Foundation call with an annual budget of DKK 68M, granting up to DKK 6.8M per project for up to 3 years for exploratory interdisciplinary research within Biomedical Sciences, Biotechnology or Natural/Technical Sciences with health or sustainability applicability. Projects are based in Denmark. The 2026 call (opened 12 Mar 2026) closed 3 Sep 2026; the next call is expected to open in March 2027, and the 3 Sep 2027 deadline is estimated from the 2026 cycle.",https://novonordiskfonden.dk/en/grant/exploratory-interdisciplinary-synergy-programme-2026/,2026-04-01,2026-10-10
227,MSCA Postdoctoral Fellowships 2027,European Commission – MSCA,European,EU programme,Personal fellowship,Upcoming,2027-04-07,2027-09-08,false,Application,,,EUR,Postdoc; Early career,Open (any discipline); Pharmacoepidemiology & real-world evidence; Clinical pharmacology & therapeutics,,1-phase,false,,Annual,"Annual MSCA call for individual European and Global Postdoctoral Fellowships for researchers with a PhD, under the MSCA 2026-2027 work programme. A draft of that work programme (Nov 2025) lists HORIZON-MSCA-2027-PF-01 as opening 7 April 2027 with a deadline of 8 September 2027 and about €389M indicative budget. These dates are not yet confirmed on an official call page.",https://marie-sklodowska-curie-actions.ec.europa.eu/actions/postdoctoral-fellowships,2026-10-09,2026-10-09
208,GGG – Goed Gebruik Geneesmiddelen Open Ronde 17 (2027),ZonMw,National,Public research funder,Project grant,Upcoming,,2027-09-14,false,Pre-proposal,,1500000,EUR,Mid career; Senior/PI,Drug utilisation & appropriate use; Drug safety & pharmacovigilance; Pharmacoepidemiology & real-world evidence; Medication adherence & self-management,,2-phase,true,"Collaboration with patient representatives, healthcare professionals and/or insurers expected (per previous rounds)",Annual,"Open round of ZonMw's Good Use of Medicines programme, funding research on better, safer and more efficient medicine use. Open Ronde 16 had EUR 6M in total and up to EUR 1.5M per project, with a project-idea deadline of 14 Sep 2026 and full proposals on 2 Mar 2027. A next open round has not been announced; the project-idea deadline shown is projected (previous + 1 year) and is not confirmed.",https://www.zonmw.nl/nl/programma/goed-gebruik-geneesmiddelen,2026-10-09,2026-10-09
146,NNF Distinguished Innovator Grant 2027,Novo Nordisk Foundation,International,Charity / foundation,Project grant,Upcoming,,2027-09-15,false,Application,,7600000,DKK,Senior/PI,Clinical trials & drug development; Open (any discipline); Pharmacoepidemiology & real-world evidence; Data science & AI; Valorisation & public-private,,1-phase,false,,Annual,"Up to DKK 7.6M over 3 years for senior researchers with a proven innovation track record (patents, spin-outs) to move research-based innovations in health or sustainability towards use. The applicant must work at a non-profit research institution or hospital in a Nordic country; co-applicants may be abroad. The 2026 call ran 1 Aug–15 Sep 2026, and from 2027 the grant is awarded once a year, with the next call planned for autumn 2027. Relevant only via Nordic-based partners.",https://novonordiskfonden.dk/grant/distinguished-innovator-grant/,2026-04-17,2026-10-10
221,Open Competition Domain Science – XL 2027/2028 (expected),NWO,National,Public research funder,Project grant,Upcoming,,2027-09-16,false,Pre-proposal,750000,3250000,EUR,Mid career; Senior/PI,Open (any discipline); Pharmacoepidemiology & real-world evidence; Clinical pharmacology & therapeutics; Data science & AI,,2-phase,true,Consortium project,Biennial,"NWO's Domain Science XL call for large consortium projects across all Domain Science disciplines, including Life Sciences. NWO says the call runs once every two years, and the 2025/2026 round had a pre-proposal deadline of 16 September 2025. The next round has not been announced, so the pre-proposal deadline is estimated two years after the last one and is not confirmed. The budget range shown comes from the previous round.",https://www.nwo.nl/en/calls/open-competition-domain-science-xl-round-2025-2026,2026-10-09,2026-10-09
253,HORIZON-HLTH-2027-03-TOOL-04 – Virtual Human Twins for Clinical Decision Support in Prevention and Diagnosis,Horizon Europe,European,EU programme,Consortium / network,Upcoming,2027-06-03,2027-09-16,true,Full proposal,10000000,12000000,EUR,Mid career; Senior/PI,Data science & AI; Precision medicine & pharmacogenetics; HTA & health economics,Cardiovascular; Oncology; Diabetes & metabolic; Infectious disease,1-phase,true,Multidisciplinary consortium; SSH contribution mandatory; SME participation encouraged.,Work programme cycle,"Research and Innovation Action to build and clinically validate multi-scale, patient-specific Virtual Human Twin models that support prevention and diagnosis, including health-economic or cost-effectiveness evidence from real-world settings and plans for regulatory compliance (MDR/IVDR, AI Act). Expected EU contribution is €10–12 million per project (about 4 projects). The single-stage call opens 3 June 2027 and closes 16 September 2027.",https://cordis.europa.eu/programme/id/HORIZON_HORIZON-HLTH-2027-03-TOOL-04,2026-10-09,2026-10-09
254,HORIZON-HLTH-2027-03-TOOL-08 – Next Generation of Frontier AI Models for Healthcare (CSA),Horizon Europe,European,EU programme,Consortium / network,Upcoming,2027-06-03,2027-09-16,true,Full proposal,,2900000,EUR,Mid career; Senior/PI,Data science & AI,,1-phase,true,Horizon Europe CSA consortium.,Work programme cycle,"Coordination and Support Action (a single project of around €2.9 million) on preparing the next generation of frontier AI models for healthcare. The single-stage call opens 3 June 2027 and closes 16 September 2027. The detailed scope was not read, so check the work programme.",https://ec.europa.eu/info/funding-tenders/opportunities/docs/2021-2027/horizon/wp-call/2026-2027/wp-4-health_horizon-2026-2027_en.pdf,2026-10-09,2026-10-09
255,"Mission Cancer 2027 – CANCER-04 Health-Economics, Health-Systems & Outcomes Research for Equitable Cancer Outcomes",Horizon Europe – Mission Cancer,European,EU programme,Consortium / network,Upcoming,2027-02-10,2027-09-16,false,Full proposal,5000000,7000000,EUR,Mid career; Senior/PI,HTA & health economics; Pharmacoepidemiology & real-world evidence; Implementation & health services; Pharmaceutical policy & access,Oncology,1-phase,true,"Horizon Europe consortium; must build on Knowledge Centre on Cancer resources (ECIS, Cancer Inequalities Registry).",Work programme cycle,"Research and Innovation Action (HORIZON-MISS-2027-02-CANCER-04) to develop health-economics, health-systems, epidemiological and outcomes-research methods for cancer. Funded work covers cost-effectiveness modelling, cancer-control spending linked to value-based care, inequalities, and better access to cost-effective programmes. Expected EU contribution is €5–7 million per project (about 3 projects). The call opens 10 February 2027 with a deadline of 16 September 2027 (FFG lists 15 September), and projects must join the Mission's 'Understanding' cluster.",https://cordis.europa.eu/programme/id/HORIZON_HORIZON-MISS-2027-02-CANCER-04,2026-10-09,2026-10-09
214,Dr. Saal van Zwanenberg Afstudeerprijzen 2027 (pharmaceutical master thesis),KHMW,National,Society / association,Prize / stipend,Upcoming,,2027-09-17,false,Nomination,1000,3000,EUR,Master,Clinical pharmacology & therapeutics; Pharmacy practice & clinical pharmacy; Education & training,,1-phase,false,Nomination (voordracht) required,Annual,"Three annual KHMW prizes (EUR 3,000 / 2,000 / 1,000) for the best master research reports in pharmaceutical and/or medical sciences in which medicines are central, for graduates of Dutch research universities. Entries are submitted as nominations via the KHMW prize portal. The current round closed 17 Sep 2026; the next date shown is projected (+1 year) and not confirmed.",https://khmw.nl/khmw-dr-saal-van-zwanenberg-onderzoeksprijzen/,2026-10-09,2026-10-09
215,Leopold Meijler Prijs 2027 (best student thesis – drug safety),Lareb – Leopold Meijler Fonds,National,Charity / foundation,Prize / stipend,Upcoming,,2027-09-30,false,Application,,,EUR,Master,Drug safety & pharmacovigilance; Education & training,,1-phase,false,,Annual,"Annual prize (cash amount plus a ceramic artwork) for the best bachelor's or master's thesis or article on medication safety by a Medicine, Pharmacy or Health Sciences student at a Dutch university. Submissions go by e-mail to Lareb before 1 October; the 2027 edition has not been separately announced, so the date is based on this standing annual deadline.",https://www.lareb.nl/pages/leopold-meijler-fonds,2026-10-09,2026-10-09
203,Young Investigator Grant (YIG) Call 2028,KWF (Dutch Cancer Society),National,Charity / foundation,Personal fellowship,Upcoming,,2027-10-06,false,Pre-proposal,,1000000,EUR,Postdoc; Early career,Pharmacoepidemiology & real-world evidence; Clinical trials & drug development,Oncology,2-phase,false,,Annual,"Annual KWF call for early-career cancer researchers (PhD at most 5 years before the deadline) to start an independent research line, with up to EUR 1M per project (about 4 years). The 2028 round has not been announced yet; the deadline shown is projected from the 2027 round (pre-proposal 6 Oct 2026, full proposal 1 Apr 2027) and is not confirmed.",https://www.kwf.nl/en/forresearchers/funding,2026-10-09,2026-10-09
205,NWA-ORC 2027 – Research along Routes by Consortia,NWO,National,Public research funder,Consortium / network,Upcoming,,2027-10-06,false,Full proposal,,7250000,EUR,Mid career; Senior/PI,Pharmaceutical policy & access; Implementation & health services; HTA & health economics; Open (any discipline),,1-phase,true,Inter- and transdisciplinary consortium incl. societal (public/private) partners; workshop participation required in 2026 round,Annual,"Dutch Research Agenda (NWA) call for large inter- and transdisciplinary consortia with societal partners tackling NWA questions; the 2026 round had EUR 87M in total and up to EUR 7.25M per proposal for 4-8 years, with mandatory workshops beforehand. A 2027 round has not been announced; the deadline shown is projected from the 2026 round (6 Oct 2026) and is not confirmed.",https://www.nwo.nl/en/calls/dutch-research-agenda-research-along-routes-by-consortia-2026,2026-10-09,2026-10-09
123,ERA-AD 2028 – European Research Academy on Alzheimer's Disease,Alzheimer Nederland,National,Charity / foundation,Travel / mobility,Upcoming,,2027-11-11,false,Application,,,EUR,PhD; Postdoc,Education & training; Pharmacoepidemiology & real-world evidence,Neurology & dementia,1-phase,false,,Biennial,"ERA-AD (formerly the European Alzheimer Academy Workshop) is a five-day academy for early-career dementia researchers, combining science lectures with training in grant writing, career planning and networking. It is run jointly by Alzheimer Forschung Initiative, Alzheimer Nederland, Fondation Vaincre Alzheimer and Synapsis Foundation; each partner selects about 10 participants from its own country (advanced PhD students and young postdocs). The 2026 edition took place 1–5 March 2026 (applications closed 11 November 2025), and the next edition is planned for 2028. This is a training academy with travel support, not consortium research funding.",https://www.alzheimer-forschung.de/for-scientists/era-ad/,2026-04-09,2026-10-10
32,WHO Consultancy & Research Contracts,WHO,International,Government / agency,Tender / contract,Rolling,,,false,No fixed deadline,10000,200000,USD,Mid career; Senior/PI,Pharmaceutical policy & access; Global health,,1-phase,false,,Continuous,"WHO regularly commissions research on access to medicines, pharmaceutical policy, essential medicines lists, and regulatory systems. The division already has WHO CC status. Check WHO procurement portal.",https://www.who.int/about/accountability/procurement,2026-01-01,2026-10-09
33,EMA Framework Contracts & Tenders,EMA,European,Government / agency,Tender / contract,Rolling,,,false,No fixed deadline,50000,1000000,EUR,Mid career; Senior/PI,Regulatory science; Pharmacoepidemiology & real-world evidence; Drug safety & pharmacovigilance,,Varies,false,,Continuous,"EMA publishes calls for tenders on the EU Funding & Tenders Portal and in the Official Journal (TED); open procedures are used from about EUR 140,000, smaller contracts via negotiated procedures. The division already has a framework contract with EMA. Monitor the EMA procurement page for new tenders and ex ante notices.",https://www.ema.europa.eu/en/about-us/procurement,2026-01-01,2026-10-09
36,ISPE Awards (annual call for nominations),ISPE,International,Society / association,Prize / stipend,Rolling,,,false,No fixed deadline,,1000,USD,PhD; Postdoc; Early career; Mid career; Senior/PI,Pharmacoepidemiology & real-world evidence; Drug safety & pharmacovigilance,,1-phase,false,,Annual,"ISPE runs an annual call for nominations for recognition awards, including the Emerging Leader Award (2–7 years membership, within 5 years of terminal degree), the Sustained Scientific Excellence Award and Lecture ($1,000 honorarium plus travel), the Judith K. Jones Award and service awards. Student abstract awards (Edlavitch, McAfee, John Snow) are given at ISPE meetings. Most awards bring a plaque and a waived registration fee, not research funding, and the nomination deadlines are not published on the awards pages.",https://www.pharmacoepi.org/about-ispe/awards/call-for-awards/,2026-01-01,2026-10-10
37,FIP Research & Education Grants,FIP,International,Society / association,Project grant,Rolling,,,false,No fixed deadline,,,EUR,PhD; Postdoc; Early career; Mid career; Senior/PI,Pharmacy practice & clinical pharmacy; Pharmaceutical policy & access; Education & training,,1-phase,false,,Annual,"The FIP Foundation for Education and Research offers small grants, fellowships and travel scholarships. Current schemes include the ECPG Innovation Grant (early-career members), the FIP Foundation–BPS grant on the impact of pharmacist board certification (up to €5,000; the 2026 grant was awarded in August 2026) and the FIP Hospital Pharmacy Section research grant on implementing the Basel Statements. Amounts and deadlines are not published on the main Foundation page, so monitor the individual calls.",https://www.fip.org/fipfoundation,2026-01-01,2026-10-10
40,Grand Challenges – Global Health,Bill & Melinda Gates Foundation,International,Charity / foundation,Project grant,Rolling,,,false,No fixed deadline,100000,2000000,USD,PhD; Postdoc; Early career; Mid career; Senior/PI,Global health; Pharmaceutical policy & access,,Varies,false,,Continuous,Various calls for innovative solutions to global health challenges. Relevant for division's work on access to medicines in LMICs and global pharmaceutical policy.,https://gcgh.grandchallenges.org/grant-opportunities,2026-01-01,2026-10-09
60,ZIN Research Commissions & Collaboration,Zorginstituut Nederland,National,Government / agency,Tender / contract,Rolling,,,false,No fixed deadline,,,EUR,Mid career; Senior/PI,HTA & health economics; Pharmaceutical policy & access; Pharmacy practice & clinical pharmacy,,Varies,false,,Continuous,"Zorginstituut Nederland regularly commissions research to support its quality and benefits-package tasks, for example effectiveness studies of reimbursed care. Tenders are issued through a Dynamic Purchasing System (DAS) on Mercell: research groups register free on Mercell and request qualification to join the DAS, after which they can respond to individual research questions. Contract values and deadlines are set per tender.",https://www.zorginstituutnederland.nl/wat-wij-doen/werkwijzen-en-procedures/onderzoek/aanbesteding-zorggerelateerde-onderzoeken,2026-04-01,2026-10-10
61,MEB Research Commissions,CBG-MEB,National,Government / agency,Tender / contract,Rolling,,,false,No fixed deadline,,,EUR,Mid career; Senior/PI,Regulatory science; Drug safety & pharmacovigilance; Pharmacoepidemiology & real-world evidence; Pharmaceutical policy & access,,Varies,false,,Continuous,"The Dutch Medicines Evaluation Board (CBG-MEB) runs its own regulatory science programme (Science Policy 2025-2029) and works with academic groups, other knowledge institutes, EMA and public-private programmes such as RSNN, Horizon Europe and IMI. Its Commissie Wetenschap decides which studies CBG takes part in and which qualify for funding, and PhD candidates can do research embedded at CBG. CBG does not publish an open call, budget or tender procedure for commissioned research, so collaboration is by direct contact; the division already has an MEB relationship.",https://www.cbg-meb.nl/onderwerpen/over-ons-ons-werk/over-cbg-wetenschap,2026-04-01,2026-10-10
62,Novo Nordisk Foundation – Health Research Grants,Novo Nordisk Foundation,International,Charity / foundation,Project grant,Rolling,,,false,No fixed deadline,200000,2000000,DKK,Early career; Mid career; Senior/PI,Global health; Antimicrobial resistance & One Health; Pharmacoepidemiology & real-world evidence; Drug utilisation & appropriate use,Diabetes & metabolic; Cardiovascular; Infectious disease,Varies,false,,Several rounds per year,"Umbrella entry for the Novo Nordisk Foundation's open-competition grants (project grants, research leader and investigator grants, fellowships, collaborative programmes) in health, sustainability and life science. Individual calls have their own deadlines throughout the year and most require a host institution in Denmark/the Nordic region. Check the 'Apply for grants' overview for calls open to Dutch researchers.",https://novonordiskfonden.dk/en/grants/,2026-04-01,2026-10-10
135,EU4Health 2026 Work Programme – Upcoming Action Grants,EU4Health,European,EU programme,Project grant,Rolling,,,false,No fixed deadline,1000000,10000000,EUR,Mid career; Senior/PI,Pharmaceutical policy & access; HTA & health economics; Data science & AI,,1-phase,true,Eligible entities from EU member states or associated countries,Work programme cycle,"This is a monitoring entry for EU4Health action grants run by HaDEA. The last batch of action grants (EU4H-2026-SANTE-PJ, under the 2025 Work Programme) included topics on AI/health data for cardiovascular disease, a medicine pricing, reimbursement and access tracker (EURIPID), and EHDS health data for biotech; it opened 23 Sep 2025 and closed 6 Jan 2026. No new calls under a 2026 Work Programme were found on HaDEA as of Oct 2026. A stakeholder consultation for the 2027 Work Programme ran until 12 Jun 2026. Watch HaDEA and the EU Funding & Tenders portal for new topics.",https://hadea.ec.europa.eu/programmes/eu4health_en,2026-04-12,2026-10-10
150,Wellcome Career Development Awards – Always-Open (rolling),Wellcome,International,Charity / foundation,Personal fellowship,Rolling,,,false,No fixed deadline,,,GBP,Mid career,Open (any discipline); Pharmacoepidemiology & real-world evidence; Drug safety & pharmacovigilance,,1-phase,false,,Continuous,"Since 25 August 2026, Wellcome Career Development Awards are always open with no submission deadlines. Shortlisting happens three times a year (Feb, Jun, Sep) and interviews three times a year (the deadlines page lists May 2027 and Sep 2027 interview rounds). The award is for mid-career researchers ready to lead their own programme: it covers salary and research costs, typically under GBP 250k per year excluding salary, for usually 8 years. Important: the administering organisation must be in the UK, Republic of Ireland or an LMIC (excluding India and mainland China), and from 29 Oct 2026 only the UK and LMICs in Africa, South Asia and South-East Asia, so Utrecht-based researchers are not eligible as lead applicants.",https://wellcome.org/research-funding/schemes/wellcome-career-development-awards,2026-04-17,2026-10-10
155,KNMP Proefschrift-bijdrage (dissertation publication contribution),KNMP,National,Society / association,Prize / stipend,Rolling,,,false,No fixed deadline,,,EUR,PhD,Pharmacy practice & clinical pharmacy,,1-phase,false,,Continuous,Each year the Stichting KNMP-fondsen gives 15-25 PhD candidates a contribution toward publishing a dissertation whose research the board considers valuable for pharmacy practice. The contribution also covers publishing the main findings in the Pharmaceutisch Weekblad. Apply at any time with the KNMP-fondsen application form (contact knmpfondsen@knmp.nl). The page states no amount or deadline.,https://www.knmp.nl/beroepsontwikkeling/onderzoek/knmp-fondsen-onderzoek-voor-de-apotheker-de-praktijk,2026-04-17,2026-10-10
169,ESCP Research Grant & Fellowship,ESCP (European Society of Clinical Pharmacy),European,Society / association,Project grant,Rolling,,,false,No fixed deadline,,,EUR,Postdoc; Early career; Mid career,Pharmacy practice & clinical pharmacy; Drug safety & pharmacovigilance; Drug utilisation & appropriate use,,1-phase,true,Study must involve partners in at least two European countries; applicant must be an ESCP member,Periodic,"The European Society of Clinical Pharmacy issues periodic calls for its Research Grant, open to ESCP members for projects of up to 24 months involving at least two European countries; any design is allowed and results are published in the International Journal of Clinical Pharmacy. The ESCP Fellowship (FESCP) is honorary recognition by nomination, without funding. No grant amount or call dates are published on ESCP's pages; calls and the annual fellowship deadline are communicated to members.",https://escpweb.org/what-we-do/escp-research-grant/,2026-04-18,2026-10-10
171,Leopold Meijler Fonds – PhD Dissertation Support (Drug Safety),Lareb – Leopold Meijler Fonds,National,Charity / foundation,Prize / stipend,Rolling,,,false,No fixed deadline,,,EUR,PhD,Drug safety & pharmacovigilance,,1-phase,false,,Continuous,"The Leopold Meijler Fonds at Lareb contributes to printing costs for dissertations by PhD candidates at Dutch universities or hbo institutions, for theses with several chapters on adverse drug reactions, organisation or methods of pharmacovigilance, or education on these topics. Apply any time before printing by emailing E.P. van Puijenbroek a short motivation with the title page, table of contents and summary; a reply is aimed for within 4 weeks. Already-printed theses are not considered, and the fund must be acknowledged in the dissertation. This is separate from the annual Leopold Meijler student prize (ID 152).",https://www.lareb.nl/pages/leopold-meijler-fonds,2026-04-20,2026-10-10
177,Wellcome Early-Career Awards – Always-Open (rolling),Wellcome,International,Charity / foundation,Personal fellowship,Rolling,,,false,No fixed deadline,,400000,GBP,Postdoc; Early career,Open (any discipline); Pharmacoepidemiology & real-world evidence; Drug safety & pharmacovigilance,,1-phase,false,,Continuous,"Since 25 August 2026, Wellcome Early-Career Awards are always open with no submission deadlines. Shortlisting happens three times a year (Feb, Jun, Sep) and interviews three times a year (the deadlines page lists May 2027 and Sep 2027 interview rounds). The award covers salary plus up to GBP 400,000 research expenses, usually for 5 years, for researchers with a PhD (or equivalent) and generally no more than 3 years of postdoc experience. Important: the administering organisation must be in the UK, Republic of Ireland or an LMIC (excluding India and mainland China), and from 29 Oct 2026 only the UK and LMICs in Africa, South Asia and South-East Asia, so Utrecht-based researchers are not eligible.",https://wellcome.org/research-funding/schemes/wellcome-early-career-awards,2026-04-28,2026-10-10
187,Clinical Trial Program – Cardiovascular Clinical Trials,Hartstichting (Dutch Heart Foundation),National,Charity / foundation,Project grant,Rolling,,,false,No fixed deadline,,,EUR,Mid career; Senior/PI,Clinical trials & drug development; Drug safety & pharmacovigilance; Pharmacoepidemiology & real-world evidence,Cardiovascular,2-phase,false,Co-financing: Hartstichting co-funds multicentre investigator-initiated trials and requires at least one other funder,Several rounds per year,"The Hartstichting Klinische Studie Programma co-funds national or international multicentre, investigator-initiated cardiovascular clinical trials. It speeds up the step from positive early trials to better care, and at least one other funder must also contribute. A pre-application can be submitted at any time and is assessed within about three weeks; if approved, a full application follows at fixed deadlines, of which there are 2-3 per year. The 2025 dates were 25 Feb, 8 Apr and 16 Sep 2025 (14:00), and no 2026/2027 full-application dates are published. The page states no budget ceiling or maximum duration.",https://professionals.hartstichting.nl/samenwerking-en-financiering/financiering/klinische-studie-programma,2026-05-28,2026-10-10
198,Wellcome Discovery Awards – Always-Open (rolling),Wellcome,International,Charity / foundation,Project grant,Rolling,,,false,No fixed deadline,,3500000,GBP,Mid career; Senior/PI,Pharmacoepidemiology & real-world evidence; Clinical pharmacology & therapeutics; Global health; Sustainable pharmacy & planetary health,Infectious disease,Varies,false,,Continuous,"Since 22-23 September 2026, Wellcome Discovery Awards are always open with no submission deadlines, replacing the fixed rounds; the deadlines page lists a July 2027 interview round. The award supports established researchers and teams doing bold discovery research on human life, health and wellbeing, with an average of about GBP 3.5M (over GBP 5M gets extra scrutiny) for up to 8 years. Lead applicants need a permanent or long-term contract at an administering organisation in the UK, Republic of Ireland or an LMIC (excluding India and mainland China); from 29 Oct 2026 only the UK and LMICs in Africa, South Asia and South-East Asia qualify. Utrecht researchers can only join as coapplicants, who may be based anywhere except mainland China.",https://wellcome.org/research-funding/schemes/wellcome-discovery-awards,2026-09-14,2026-10-10
217,GCRFF Multinational Clinical Trials Initiative – 2027 EOI rounds,Hartstichting / GCRFF,International,Charity / foundation,Consortium / network,Rolling,,,false,Expression of interest,,,EUR,Mid career; Senior/PI,Clinical trials & drug development; Pharmacoepidemiology & real-world evidence,Cardiovascular,2-phase,true,Multinational consortium across GCRFF partner countries; Hartstichting seeks co-funders,Several rounds per year,"Expression-of-interest route through which cardiovascular research funders of the Global Cardiovascular Research Funders Forum co-fund large multinational clinical trials; Dutch applicants first consult the Hartstichting and submit a pre-application form, then an EOI via the BHF grants system. Hartstichting lists it as continuously open with two rounds per year (2025 rounds: 23 May and 26 Sep); 2027 round dates are not published.",https://professionals.hartstichting.nl/samenwerking-en-financiering/financiering/internationale-financiering/gcrff-multinational-clinical-trials-initiative,2026-10-09,2026-10-09
249,Netwerkactiviteitenregeling (network events funding),Health~Holland (TKI LSH),National,Public-private,Consortium / network,Rolling,,,false,No fixed deadline,,,EUR,Mid career; Senior/PI,Valorisation & public-private; Education & training,,1-phase,true,Substantial SME participation and co-funding from other parties required.,Continuous,"Contributes to the third-party costs (such as venue and catering) of national or international events that connect researchers, companies, care professionals and investors in the Dutch life sciences and health sector. Events must involve SMEs substantially, fit the Health & Care missions and have other co-funders; flights and hotels are not covered. Applications go in at least four months before the event, and a committee reviews them every two weeks.",https://www.health-holland.com/netwerkactiviteitenregeling,2026-10-09,2026-10-09
258,ERDERA Networking Support Scheme (rare disease networking events),Horizon Europe – ERDERA,European,EU programme,Consortium / network,Rolling,,,false,Next cut-off,,30000,EUR,PhD; Postdoc; Early career; Mid career; Senior/PI,Rare diseases & orphan drugs,,1-phase,true,"3–10 co-applicants from at least 3 ERDERA countries, at least one from an underrepresented country.",Several rounds per year,"Funds transnational networking events, in person or hybrid, on rare diseases or rare cancers, bringing together researchers, clinicians and patient organisations. It pays up to €30,000 per event, including participants' travel and accommodation. Groups of 3–10 co-applicants from at least three countries apply, including at least one from an underrepresented country. Rounds are collected every six months while funds last (expected until April 2029), but the page does not give the next collection date.",https://erdera.org/nss,2026-10-09,2026-10-09
267,"Alzheimer Nederland Small Grants (research internship abroad, thesis printing, conference attendance)",Alzheimer Nederland,National,Charity / foundation,Travel / mobility,Rolling,,,false,No fixed deadline,,,EUR,Master; PhD; Postdoc,Open (any discipline),Neurology & dementia,1-phase,false,,Continuous,"Year-round small grants from Alzheimer Nederland for an international research internship, PhD thesis printing costs, or conference attendance; apply via the AIMS portal at least 4 weeks before needed. Amounts and detailed eligibility are in the portal.",https://grants.alzheimer-nederland.nl/AUUID/4848D73B0,2026-10-10,2026-10-10
